Name,EC50_value_original_target,IC50_value_original_target,pIC50_value_original_target,MW,logP,HBA,HBD,RotBonds,PSA,NoChiralCentres,Caco2_Ellinger_perc_inhibition,Vero-E6_Zaliani_perc_inhibition,Vero-E6_Touret_Inhibition_index,HRCE_Heiser_Hit_score,3CLPro_Kuzikov_perc_inihibition,3CLPro_Kuzikov_perc_IC50(nM),1479145_AC50(μM),1479145_AUC,1479145_Potency(μM),1479145_Efficacy(%),1479145_Activity,1479150_AC50(μM),1479150_AUC,1479150_Potency(μM),1479150_Efficacy(%),1479150_Activity,1479150_Tox,1479149_AC50(μM),1479149_AUC,1479149_Potency(μM),1479149_Efficacy(%),1479149_Activity,1479147_AC50(μM),1479147_AUC,1479147_Potency(μM),1479147_Efficacy(%),1479147_Activity,1479147_Tox,1508606_AC50(μM),1508606_AUC,1508606_Potency(μM),1508606_Efficacy(%),1508606_Activity,1508606_CPE_EC50(uM),1508606_CPE_perc_Efficacy,1508605_AC50(μM),1508605_AUC,1508605_Potency(μM),1508605_Efficacy(%),1508605_Activity,1508605_Tox,1508605_Cytotox_CC50(uM),1508605_perc_Cytotox
Tolterodine (tartrate),0,0,8.2006,475.582,3.21882,6,5,10,138.53,3,0,0,1.165,0,0,0,39.81071706,-10.0597169,0,0,0,0,-139.3818361,,,,,,,,,,,,,,,,,,,,,,,,,,,,,,
Palonosetron (Hydrochloride),0,0,0,332.875,3.0783,2,0,1,23.55,4,57.4,0.02,0.9614,0.1883,-0.9864,0,0,-37.19548142,0,0,0,0,0.901762345,0,0,Inactive,Inactive,28.18382931,-83.07818418,28.1838,42.755,Inconclusive,0,-12.23620792,0,0,Inactive,Inactive,0,-1.975933887,,,,,,0,-30.35097602,,,,,,
Dapoxetine (hydrochloride),0,0,0,341.882,5.3334,2,0,6,12.47,1,65.1,0.09,0,0,5.583,0,0,0,0,0,0,,,,,,,,,,,,,,,,,,,,,,,,,,,,,,,,
Solifenacin (Succinate),0,0,7.197,480.561,3.8007,5,2,5,107.38,4,15.21,0.15,0,0,22.54,0,0,0,0,0,0,,,,,,,,,,,,,,,,,,,,,,,,,,,,,,,,
Indinavir (sulfate),0,150,6.824,711.882,2.2141,9,6,11,192.63,5,0,0,0.3816,0,0,0,0,-99.34935433,0,0,0,0,0,0,0,Inactive,Inactive,0,6.044445246,0,0,Inactive,0,0.660333522,0,0,Inactive,Inactive,0,16.6195617,,,,,,0,-22.93077735,,,,,,
Tiagabine (hydrochloride),0,0,6.829,412.02,5.46664,4,1,6,40.54,1,31.5,0.01,0.2483,0,-8.564,0,3.981071706,-23.56476591,3.9811,37.5546,0,0,-6.606118034,0,0,Inactive,Inactive,0,0,0,0,Inactive,0,10.91633539,0,0,Inactive,Inactive,0,-2.59636294,,,,,,0,-33.52579994,,,,,,
Ethambutol (dihydrochloride),0,0,6.209,277.236,0.551,4,4,9,64.52,2,8.87,0.05,0,0,21.74,0,0,-86.39508515,0,0,0.5,0,4.141143292,0,0,Inactive,Inactive,0,5.762307416,0,0,Inactive,0,1.05984262,0,0,Inactive,Inactive,0,-2.452928521,,,,,,0,-16.78227429,,,,,,
Telotristat etiprate,0,0,7.796,754.166,5.48962,11,4,12,197.57,2,3.02,0.17,0,0,8.235,0,39.81071706,-68.04863548,0,0,0,0,-19.81621671,0,0,Inactive,Inactive,0,4.186659697,0,0,Inactive,0,1.158913405,0,0,Inactive,Inactive,0,13.9536923,,,,,,0,-10.74923334,,,,,,
Pergolide (mesylate),0,0,0,410.605,3.7751,4,2,4,73.4,3,1.63,-0.14,1.047,0,0.07731,0,0,-36.7887671,0,0,0,0,0.203604935,0,0,Inactive,Inactive,39.81071706,-17.85025251,39.8107,49.898,Inconclusive,0,0,0,0,Inactive,Inactive,0,1.585786295,,,,,,0,-18.38445142,,,,,,
Pyrantel (tartrate),0,0,0,356.4,0.3727,7,4,5,130.66,2,0,0,0.1796,0,0,0,0,-9.907019226,0,0,0,0,-15.82883637,0,0,Inactive,Inactive,0,-92.44778293,0,0,Inactive,0,-3.029288205,0,0,Inactive,Inactive,0,3.597812835,,,,,,0,-17.98430674,,,,,,
Delavirdine (mesylate),0,0,7.4437,552.679,2.2211,8,4,6,164.8,0,-1.61,0.21,0,0,83.7,3990,0,0,0,0,0,,,,,,,,,,,,,,,,,,0,-8.024277089,,,,,,0,-13.59541524,,,,,,
Eletriptan (hydrobromide),0,0,0,463.441,4.3989,3,1,6,53.17,1,0.96,0.08,0,0,3.937,0,0,0,0,0,0,,,,,,,,,,,,,,,,,,,,,,,,,,,,,,,,
Cefuroxime (sodium),0,2.09E+03,0,446.373,-4.8667,10,2,7,176.59,2,-2.78,0.11,0.2609,0,-3.438,0,0,0,0,0,0,,,,,,,,,,,,,,,,,,,,,,,,,,,,,,,,
Darifenacin (hydrobromide),0,0,0,507.472,4.5354,3,1,7,55.56,1,-5.74,0.01,0.6317,0,14.06,0,0,-7.468185967,0,0,0,0,-4.063350921,0,0,Inactive,Inactive,0,0,0,0,Inactive,0,0.960180621,0,0,Inactive,Inactive,0,-0.606797644,,,,,,0,-31.74358728,,,,,,
Alogliptin (Benzoate),0,0,8,461.522,1.77928,8,2,4,134.35,1,-0.02,0.07,0,0,16.4,0,0,2.234603,0,0,0,0,-12.51693882,0,0,Inactive,Inactive,0,0,0,0,Inactive,0,0,0,0,Inactive,Inactive,,,,,,,,,,,,,,,
(S)-Rasagiline,0,0,8.3979,171.243,1.8967,1,1,2,12.03,1,0,0,0,0,19.35,0,0,0,0,0,0,,,,,,,,,,,,,,,,,,,,,,,,,,,,,,,,
Erlotinib (Hydrochloride),0,0,10.5228,429.904,3.8269,7,1,10,74.73,0,25.79,-0.22,0,0,-0.1805,0,15.84893192,-59.67210683,0,0,0,0,0,,,,,,,,,,,,,,,,0,-11.22576462,,,,,,8.912509381,-99.7611631,,,,,,
Anagrelide (hydrochloride),0,0,7.086,292.553,2.3481,3,1,0,44.7,0,3.09,-0.03,0,0,5.284,0,0,-35.48479791,0,0,0,0,0,0,0,Inactive,Inactive,0,0,0,0,Inactive,0,2.580106196,0,0,Inactive,Inactive,0,1.516937603,,,,,,0,-6.237992323,,,,,,
Naloxegol (oxalate),0,0,0,741.828,1.0191,14,4,24,201.37,5,14.12,-0.16,0,0,13.22,0,0,10.61971908,0,0,0,0,-0.753420405,0,0,Inactive,Inactive,0,0,0,0,Inactive,0,0.202832212,0,0,Inactive,Inactive,0,-0.022711248,,,,,,0,2.32226964,,,,,,
Naratriptan (hydrochloride),0,0,0,371.934,2.4906,3,2,5,65.2,0,-4.68,0.16,0,0,3.72,0,39.81071706,-43.8071261,39.8107,44.6791,0.5,0,0,0,0,Inactive,Inactive,0,0,0,0,Inactive,0,1.01036248,0,0,Inactive,Inactive,0,-3.71195786,,,,,,0,-14.89597196,,,,,,
Butenafine (Hydrochloride),0,0,0,353.937,6.1911,1,0,4,3.24,0,-2.45,-0.08,0.4285,0,5.772,0,0,0,0,0,0,,,,,,,,,,,,,,,,,,,,,,,,,,,,,,,,
Cromolyn (sodium),0,0,0,512.334,-6.5469,11,1,8,179.37,0,1.09,0.02,0.06696,0,28.47,0,0,2.266314145,0,0,0,0,-2.68027481,0,0,Inactive,Inactive,0,0,0,0,Inactive,0,1.735099977,0,0,Inactive,Inactive,0,-0.658416969,,,,,,0,-28.75961186,,,,,,
Ropinirole (hydrochloride),0,0,0,296.842,3.2675,2,1,7,32.34,0,0.37,0.2,-0.01531,0,-0.3156,0,0,0,0,0,0,,,,,,,,,,,,,,,,,,,,,,,,,,,,,,,,
Prucalopride (succinate),0,0,0,485.965,2.0236,7,4,9,151.42,0,0,-0.02,0,0,29.32,0,0,0.935088864,0,0,0,0,0,,,,,,,,,,,,,,,,0,14.79270845,,,,,,0,-15.17516307,,,,,,
Pitolisant (hydrochloride),0,0,0,332.315,4.587,2,0,8,12.47,0,-7.2,0.19,0,0,13.59,0,7.943282347,-93.81849103,31.6228,76.3846,0.5,0,-66.55218849,0,0,Inactive,Inactive,39.81071706,-17.39072091,39.8107,59.6482,Inconclusive,39.81071706,-11.49372957,39.8107,38.4222,Inconclusive,Cytotoxic,14.12537545,30.5982577,,,,,,0,-2.64570426,,,,,,
Sertaconazole (nitrate),0,0,5.075,500.791,6.6684,6,1,6,90.42,1,88.93,-0.15,-0.4284,0,7.058,0,0,0,0,0,0,,,,,,,,,,,,,,,,,,,,,,,,,,,,,,,,
Esmolol (hydrochloride),0,0,0,331.84,1.9517,5,2,9,67.79,1,-0.79,-0.02,0.0536,0,1.827,0,6.309573445,-18.4583765,6.3096,55.6967,0.5,0,-10.99280407,0,0,Inactive,Inactive,0,0,0,0,Inactive,0,-40.76514073,0,0,Inactive,Inactive,0,5.11311629,,,,,,0,-14.14222148,,,,No,,
Sodium Picosulfate,0,0,0,481.415,-4.0522,9,0,7,145.75,0,0.17,-0.06,0,0,2.289,0,0,0,0,0,0,,,,,,,,,,,,,,,,,,,,,,,,,,,,,,,,
Valacyclovir (hydrochloride),0,0,0,360.802,-0.3758,9,3,7,151.14,1,-3.85,0.13,0.01019,0,-4.848,0,39.81071706,-53.01135434,39.8107,66.7301,0.5,0,0.285630528,0,0,Inactive,Inactive,0,0,0,0,Inactive,0,0,0,0,Inactive,Inactive,0,-0.449541765,,,,,,0,-15.30384158,,,,,,
Clemastine (fumarate),0,0,8.5228,459.97,4.8162,4,2,8,87.07,2,-10.71,0.18,-0.1711,0,27.58,0,10,-67.46410557,10,86.1768,1,15.84893192,-85.5251403,0,0,Inactive,Inactive,4.466835922,-111.9028805,4.4668,84.5044,Active,22.38721139,-59.42625503,22.3872,53.6275,Inconclusive,Cytotoxic,11.22018454,67.30973208,10,100.279,Active,,,0,-19.10715596,0,0,Inactive,Inactive,,
Phenylephrine (hydrochloride),0.86,0,0,203.669,1.0668,3,3,3,52.49,1,-0.74,-0.08,0,0,28.74,0,12.58925412,-22.65280341,12.5893,35.5295,0.5,0,-28.79422722,0,0,Inactive,Inactive,0,0,0,0,Inactive,0,-33.16950157,0,0,Inactive,Inactive,0,-1.81212656,,,,,,0,-13.80615341,,,,,,
Allopurinol riboside,0,0,0,268.229,-2.2689,8,4,2,133.49,4,-5.55,0,0,0,16.09,0,0,0,0,0,0,,,,,,,,,,,,,,,,,,,,,,,,,,,,,,,,
Bromocriptine (mesylate),0,0,0,750.713,2.6968,8,4,5,172.58,6,0,0,-0.08637,0,0,0,31.6227766,-10.93051803,31.6228,38.9024,0.5,0,-6.078888968,0,0,Inactive,Inactive,28.18382931,-56.97996502,28.1838,116.056,Inconclusive,0,-0.114770419,0,0,Inactive,Inactive,,,,,,,,,,,,,,,
Terbinafine hydrochloride,0,0,0,327.899,5.2991,1,0,4,3.24,0,-5.95,0.04,0,0,6.375,0,0,0,0,0,0,,,,,,,,,,,,,,,,,,,,,,,,,,,,,,,,
Cefuroxime axetil,0,0,0,510.481,-0.1683,12,2,9,189.06,3,1.31,-0.13,0.1456,0,17.81,0,35.48133892,-20.09463568,35.4813,65.1073,0.5,0,13.50182714,0,0,Inactive,Inactive,0,8.378322507,0,0,Inactive,0,0,0,0,Inactive,Inactive,0,1.377925043,,,,,,0,-9.963139297,,,,,,
GLICLAZIDE,0,0,6.22,323.418,1.62982,4,2,3,78.51,2,0,0,0.09396,0.08068,0,0,0,9.976098663,0,0,0,0,-57.82743515,0,0,Inactive,Inactive,0,-24.36339043,0,0,Inactive,0,-90.60360853,0,0,Inactive,Inactive,0,-1.751943978,,,,,,0,18.02008076,,,,,,
TRICLABENDAZOLE,0,0,0,359.665,6.0373,3,1,3,37.91,0,-0.51,1.38,0.1948,0.18,20.44,0,0,0,0,0,0,,,,,,,,,,,,,,,,,,0,3.652468653,,,,,,0,-13.93024781,,,,,,
CARBIMAZOLE,0,0,0,186.236,1.56069,5,0,1,36.16,0,1.57,0.05,0.0747,0.2511,5.31,0,0,-5.466777154,0,0,0,0,10.58178326,0,0,Inactive,Inactive,0,-8.356233011,0,0,Inactive,0,-2.460415392,0,0,Inactive,Inactive,0,8.449704386,,,,,,0,-11.21320167,,,,,,
MECAMYLAMINE HYDROCHLORIDE,0,0,7,203.757,2.8424,1,1,1,12.03,3,0,0.56,0,0.1041,16.11,0,0,0,0,0,0,,,,,,,,,,,,,,,,,,,,,,,,,,,,,,,,
BUSPIRONE HYDROCHLORIDE,0,0,7.602,421.973,2.51,6,0,6,69.64,0,0,0,0,0.1391,0,0,0,0,0,0,0,,,,,,,,,,,,,,,,,,,,,,,,,,,,,,,,
RIMANTADINE HYDROCHLORIDE,0,0,0,215.768,2.9718,1,1,1,26.02,5,0,0.05,0,0.1024,10.22,0,35.48133892,-35.52676798,35.4813,80.1774,0.5,0,10.80259426,0,0,Inactive,Inactive,0,-51.88516128,0,0,Inactive,0,-69.13201711,0,0,Inactive,Inactive,0,0.70849444,,,,,,0,-18.83233405,,,,,,
GLIPIZIDE,0,0,3.8761,445.545,2.07812,6,3,7,130.15,0,-4.06,-0.04,0.03796,0.0999,5.804,0,0,-29.88856501,0,0,0,0,-4.444033117,0,0,Inactive,Inactive,0,0,0,0,Inactive,0,1.406938717,0,0,Inactive,Inactive,0,2.814606263,,,,,,0,-16.1140697,,,,,,
XYLOMETAZOLINE HYDROCHLORIDE,0,0,0,280.843,3.56694,2,1,2,24.39,0,0,-0.09,0,0,13.6,0,3.981071706,-68.16613722,3.9811,64.4438,0.5,0,0,0,0,Inactive,Inactive,0,-1.193966799,0,0,Inactive,0,0.571601192,0,0,Inactive,Inactive,14.12537545,21.83646525,,,,,,0,-32.38664064,,,,,,
MECLIZINE HYDROCHLORIDE,0,0,0,463.88,6.39922,2,0,5,6.48,1,0,1.33,0,0,12.5,0,6.309573445,-11.01066177,0,0,0,0,6.025062211,0,0,Inactive,Inactive,0,0,0,0,Inactive,0,0,0,0,Inactive,Inactive,0,-4.072000475,,,,,,0,-10.75000337,,,,,,
CYCLOSERINE (D),0,0,0,102.093,-1.6249,3,2,0,64.35,1,-2.21,0.17,1.427,0,23.75,0,0,-18.79928126,0,0,0,0,-4.58351177,0,0,Inactive,Inactive,0,0,0,0,Inactive,0,2.616934082,0,0,Inactive,Inactive,0,-4.81934027,,,,,,0,-18.34068652,,,,,,
CARTEOLOL HYDROCHLORIDE,0,0,0,328.84,2.1209,4,3,5,70.59,1,0,0,0,0.1646,0,0,0,-10.74187383,0,0,0,0,-31.56538022,0,0,Inactive,Inactive,0,3.405700329,0,0,Inactive,0,0,0,0,Inactive,Inactive,0,0.425642004,,,,,,0,-23.93488554,,,,,,
DICYCLOMINE HYDROCHLORIDE,0,0,0,345.955,4.824,3,0,7,29.54,0,0,0,0,0.1568,0,0,0,0,0,0,0,,,,,,,,,,,,,,,,,,,,,,,,,,,,,,,,
DIMENHYDRINATE,0,0,4.0757,469.973,2.9679,7,1,6,85.15,0,-1.08,0,1.153,0,16.23,0,0,0,0,0,0,,,,,,,,,,,,,,,,,,,,,,,,,,,,,,,,
ACYCLOVIR,0,0,0,225.208,-1.3318,7,3,4,119.05,0,8.75,0.04,0.1444,0.1075,6.729,0,0,0,0,0,0,0,-7.013668247,0,0,Inactive,Inactive,0,6.837535791,0,0,Inactive,0,-23.22050268,0,0,Inactive,Inactive,0,3.824972343,,,,,,0,6.759000897,,,,,,
TETRAHYDROZOLINE HYDROCHLORIDE,0,0,4.5243,236.746,2.53,2,1,1,24.39,1,0,-0.05,0,0.1519,17.25,0,0,0,0,0,0,,,,,,,,,,,,,,,,,,,,,,,,,,,,,,,,
PROPANTHELINE BROMIDE,0,0,0,448.401,1.7348,3,0,6,35.53,0,0,-0.02,0,0.1356,10.7,0,0,-18.54992209,0,0,0,0,5.593244844,0,0,Inactive,Inactive,0,0,0,0,Inactive,0,10.09246769,0,0,Inactive,Inactive,0,-2.874992878,,,,,,0,-11.76271043,,,,,,
ETHIONAMIDE,0,0,0,166.249,1.2782,2,1,2,38.91,0,-1.84,-0.13,0.1212,0.1784,18.18,0,0,3.664284582,0,0,0,0,0,0,0,Inactive,Inactive,0,-12.94469923,0,0,Inactive,0,-8.556702746,0,0,Inactive,Inactive,0,-4.723959701,,,,,,0,-16.97779043,,,,,,
GLYBURIDE,0,0,6.6575,494.013,3.6417,5,3,8,113.6,0,-1.61,-0.07,0.2282,0,13.62,0,0,-36.89466252,0,0,0,0,8.352390454,0,0,Inactive,Inactive,0,0,0,0,Inactive,0,0,0,0,Inactive,Inactive,0,-2.174900403,,,,,,0,-15.87166242,,,,,,
CHLORZOXAZONE,0,0,4.52,169.567,1.7745,2,1,0,46,0,-2.41,-0.11,0.06344,0.18,25.61,0,0,1.888942275,0,0,0,0,0,0,0,Inactive,Inactive,0,1.673643933,0,0,Inactive,0,7.506901628,0,0,Inactive,Inactive,0,3.311931149,,,,,,0,-8.490194639,,,,,,
ALLOPURINOL,0,0,5.699,136.114,-0.3538,3,2,0,74.43,0,-27.22,0.35,0.1167,0.02121,15.51,0,0,-390.9998703,0,0,0,14.12537545,-258.1436537,0,0,Inactive,Inactive,0,-416.4756609,0,0,Inactive,0,-250.3642621,0,0,Inactive,Inactive,0,-1.430080843,,,,,,0,-10.15203611,,,,,,
PHENYLEPHRINE HYDROCHLORIDE,0,0,5.9,203.669,1.0668,3,3,3,52.49,1,0,-0.07,0,0.03283,17.14,0,12.58925412,-22.65280341,12.5893,35.5295,0.5,0,-28.79422722,0,0,Inactive,Inactive,0,0,0,0,Inactive,0,-33.16950157,0,0,Inactive,Inactive,0,-1.81212656,,,,,,0,-13.80615341,,,,,,
ETHAMBUTOL HYDROCHLORIDE,0,0,3.876,277.236,0.551,4,4,9,64.52,2,0,-0.14,0,0,4.24,0,0,0,0,0,0,,,,,,,,,,,,,,,,,,,,,,,,,,,,,,,,
PYRIMETHAMINE,0,0,0,248.717,2.5238,4,2,2,77.82,0,57.63,9.02,0.7421,0.2473,15.45,0,39.81071706,-45.50275512,39.8107,45.106,0.5,39.81071706,-30.35835158,39.8107,51.4894,Inconclusive,Cytotoxic,39.81071706,-22.9004696,39.8107,78.5461,Inconclusive,39.81071706,-22.31717971,39.8107,88.4059,Inconclusive,Cytotoxic,11.22018454,31.4146497,,,,,,6.309573445,-86.57631335,,,,,,
PRAZIQUANTEL,0,0,3.8761,312.413,2.5349,2,0,1,40.62,1,0,0,0.2207,0,0,0,0,-121.9808706,0,0,0,0,0,0,0,Inactive,Inactive,0,-95.39783475,0,0,Inactive,0,-9.730679791,0,0,Inactive,Inactive,0,-0.873227038,,,,,,0,-23.06392689,,,,,,
GUAIFENESIN,0,0,3,198.218,0.4272,4,2,5,58.92,1,0,0,0.07395,0.2008,0,0,0,-163.6664449,0,0,0,0,2.68545671,0,0,Inactive,Inactive,0,-73.80624427,0,0,Inactive,0,2.548150528,0,0,Inactive,Inactive,0,-2.35940406,,,,,,0,-40.28008734,,,,,,
SULFAMETHIZOLE,0,0,3.0777,270.339,1.22952,6,2,3,97.97,0,13.56,0.11,0.01199,0.1221,14.03,0,0,-69.33899868,0,0,0,0,1.808839996,0,0,Inactive,Inactive,0,-101.6746949,0,0,Inactive,0,-1.252950462,0,0,Inactive,Inactive,0,10.36194773,,,,,,0,-5.116155161,,,,,,
ALLANTOIN,0,0,0,158.117,-2.1798,3,4,1,113.32,1,0,0,0.03873,0.1646,0,0,0,-153.0303877,0,0,0,0,-1.820218614,0,0,Inactive,Inactive,0,0,0,0,Inactive,0,0,0,0,Inactive,Inactive,0,9.772898339,,,,,,0,-10.89733528,,,,,,
BETHANECHOL CHLORIDE,0,0,0,196.678,-2.8196,2,1,3,52.32,1,0,0,0,0.07337,0,0,0,-4.509911624,0,0,0,0,-7.708451783,0,0,Inactive,Inactive,0,0,0,0,Inactive,0,-10.02456742,0,0,Inactive,Inactive,0,-0.873627619,,,,,,0,-21.82276324,,,,,,
PAPAVERINE HYDROCHLORIDE,0,0,7.7695,375.852,4.2818,5,0,6,49.81,0,0,-0.24,0,0.03666,17.4,0,6.309573445,-165.60092,0,0,0,7.943282347,-57.35432358,,,,,,,,,,,,,,,,0,-8.101621942,,,,,,0,-30.76905128,,,,,,
OXYMETAZOLINE HYDROCHLORIDE,0,0,0,296.842,3.27254,3,2,2,44.62,0,0,0.07,0,0.2228,24.54,0,0,-11.59692265,0,0,0,0,4.77084277,0,0,Inactive,Inactive,0,0,0,0,Inactive,0,0.092416932,0,0,Inactive,Inactive,0,-2.828628313,,,,,,0,-2.257233181,,,,,,
PROBUCOL,0,0,0,516.857,9.9083,4,2,4,40.46,0,2.84,0.59,0.2869,0,26.51,0,7.079457844,-89.88755971,7.0795,36.9486,0.5,0,4.879739045,0,0,Inactive,Inactive,0,-120.256949,0,0,Inactive,0,7.13969797,0,0,Inactive,Inactive,0,7.335153905,,,,,,0,-18.44881848,,,,,,
CHLORPROPAMIDE,0,0,3.8761,276.745,1.7379,3,2,4,75.27,0,4.33,0.09,0.09227,0.2087,13.38,0,0,-45.49609625,0,0,0,0,12.11952663,0,0,Inactive,Inactive,0,-73.05797368,0,0,Inactive,0,0.21930055,0,0,Inactive,Inactive,0,0.48682844,,,,,,0,-24.50570053,,,,,,
PYRAZINAMIDE,0,0,0,123.115,-0.4245,3,1,1,68.87,0,44.3,0,0.01701,0.1788,14.28,0,0,-30.78405555,0,0,0,0,9.294300246,0,0,Inactive,Inactive,0,0,0,0,Inactive,0,10.61496308,0,0,Inactive,Inactive,0,-3.083092535,,,,,,0,-10.19210349,,,,,,
BENOXINATE HYDROCHLORIDE,0,0,5.54,344.883,3.3681,5,1,10,64.79,0,0,0,0,0.147,0,0,14.12537545,-64.71148692,0,0,0,0,0.87606377,0,0,Inactive,Inactive,39.81071706,-13.03997395,39.8107,46.9747,Inconclusive,35.48133892,-10.96066512,35.4813,35.3339,Inconclusive,Cytotoxic,0,4.143924367,,,,,,0,-33.54502775,,,,,,
PROBENECID,0,0,5.2007,285.365,2.1955,3,1,7,74.68,0,1.35,0.08,0.2093,0,15.12,0,0,-42.62226298,0,0,0,0,2.200630514,0,0,Inactive,Inactive,0,0,0,0,Inactive,0,7.699700188,0,0,Inactive,Inactive,0,0.978674226,,,,,,0,-35.35218372,,,,,,
TOLBUTAMIDE,0,0,3.8761,270.354,1.78302,3,2,5,75.27,0,3.6,0.19,-0.01112,0,21.67,0,0,-1.606396107,0,0,0,0,2.953090091,0,0,Inactive,Inactive,0,0,0,0,Inactive,0,-3.500377777,0,0,Inactive,Inactive,0,-2.976245871,,,,,,0,-14.98582329,,,,,,
NAPHAZOLINE HYDROCHLORIDE,0,0,11.9586,246.741,2.8058,2,1,2,24.39,0,0,0.52,0,0.002061,12.64,0,0,-10.96023277,0,0,0,0,3.477288401,0,0,Inactive,Inactive,0,0,0,0,Inactive,0,0,0,0,Inactive,Inactive,0,-3.682046748,,,,,,0,-1.014273075,,,,,,
TOLAZAMIDE,0,0,0,311.407,1.77392,4,2,3,78.51,0,8.18,-0.15,0.0131,0.157,32.71,0,0,-21.76094511,0,0,0,0,8.29626065,0,0,Inactive,Inactive,0,2.448159297,0,0,Inactive,0,0,0,0,Inactive,Inactive,0,-2.03377317,,,,,,0,-21.41046166,,,,,,
NALIDIXIC ACID,0,0,0,232.239,1.42302,4,1,2,72.19,0,-0.44,0.12,0,0.03233,12.92,0,0,-5.277969596,0,0,0,0,0,0,0,Inactive,Inactive,0,0,0,0,Inactive,0,0,0,0,Inactive,Inactive,0,-9.380491449,,,,,,0,-32.77548898,,,,,,
CLOFIBRATE,0,0,4.25,242.702,3.0605,3,0,4,35.53,0,0,0,0.08504,0.007924,0,0,0,-42.73835177,0,0,0,0,1.45023801,0,0,Inactive,Inactive,0,-5.232052235,0,0,Inactive,0,0,0,0,Inactive,Inactive,0,9.989019192,,,,,,0,-14.01831037,,,,,,
NEOSTIGMINE BROMIDE,0,0,10.3665,303.2,-1.0523,2,0,2,29.54,0,0,-0.14,0,0.1096,12.59,0,0,-24.4913318,0,0,0,0,0,0,0,Inactive,Inactive,0,0,0,0,Inactive,0,1.779249603,0,0,Inactive,Inactive,0,10.70682813,,,,,,0,-1.074971516,,,,,,
METHOCARBAMOL,0,0,7.6,241.243,0.5302,5,2,6,91.01,1,1.12,-0.31,0.09817,0,10.07,0,0,-97.80945854,0,0,0,0,-7.605414599,0,0,Inactive,Inactive,0,-6.760039393,0,0,Inactive,0,-14.84166346,0,0,Inactive,Inactive,0,1.871579725,,,,,,0,-23.49119365,,,,,,
ACETAZOLAMIDE,0,0,8.2365,222.251,-0.8561,6,2,2,115.04,0,-4.52,-0.12,0.04502,0.1016,9.824,0,0,-80.91885086,0,0,0,0,-7.430385095,0,0,Inactive,Inactive,0,0,0,0,Inactive,0,0.351592045,0,0,Inactive,Inactive,0,1.814488279,,,,,,0,-20.63394837,,,,,,
SULFADIAZINE,0,0,4.5817,250.283,0.8596,5,2,3,97.97,0,-3.32,-0.11,-0.0006413,0,15.43,0,0,2.174276948,0,0,0,0,-3.885093,0,0,Inactive,Inactive,0,0,0,0,Inactive,0,-7.111555396,0,0,Inactive,Inactive,0,-13.92697388,,,,,,0,-10.30040041,,,,,,
PHENTOLAMINE HYDROCHLORIDE,0,0,8.9586,317.82,3.26222,4,2,4,47.86,0,0,0.13,0,0.06841,14.21,0,0,0,0,0,0,,,,,,,,,,,,,,,,,,,,,,,,,,,,,,,,
DOXYLAMINE SUCCINATE,0,0,0,388.464,2.8591,5,2,9,99.96,1,3.91,-0.02,-0.01157,0,2.832,0,4.466835922,-51.95276167,4.4668,40.9754,0.5,0,1.688250662,0,0,Inactive,Inactive,0,-5.676281589,0,0,Inactive,0,5.992165961,0,0,Inactive,Inactive,0,-0.716804248,,,,,,0,-32.36344052,,,,,,
MEPENZOLATE BROMIDE,0,0,0,420.347,-0.2915,3,1,4,46.53,1,0,0,0,0.1869,0,0,0,-9.325692207,0,0,0,0,-3.867056641,0,0,Inactive,Inactive,0,-29.44461974,0,0,Inactive,0,9.452990098,0,0,Inactive,Inactive,0,1.113614768,,,,,,0,1.941499028,,,,,,
Gefitinib (ZD1839),0,0,10,446.91,4.2756,7,1,8,68.74,0,18.82,9.07,0.2901,0.178,19.63,0,12.58925412,-62.77745603,12.5893,99.3085,1,39.81071706,-30.9409406,39.8107,66.8293,Inconclusive,Cytotoxic,39.81071706,-24.25680411,39.8107,83.1981,Inconclusive,39.81071706,-13.62499036,39.8107,46.7322,Inconclusive,Cytotoxic,0,-10.88521906,,,,,,11.22018454,-120.9162432,,,,,,
Rucaparib (AG-014699 or PF-01367338) phosphate,0,0,9.301,421.365,2.0507,3,6,3,134.68,0,4.71,1.02,0,0,93.3,0,31.6227766,-24.74618247,0,0,0,0,12.01377064,,,,,,,,,,,,,,,,0,20.55052547,,,,,,0,-12.29281642,,,,,,
ETC-1002,0,0,5.69,344.492,4.4699,3,3,14,94.83,0,-6.33,0.09,0,0.1415,19.18,0,0,0,0,0,0,,,,,,,,,,,,,,,,,,,,,,,,,,,,,,,,
Nifurtimox,0,0,3.602,287.297,0.6406,7,0,3,106.02,1,0,0,0.8408,0.1929,0,0,0,0,0,0,0,,,,,,,,,,,,,,,,,,,,,,,,,,,,,,,,
Rimegepant,0,0,10.56,534.567,4.49,7,2,3,119.13,3,2.52,0.23,0,0.2662,37.92,0,0,0,0,0,0,,,,,,,,,,,,,,,,,,0,6.914579925,,,,,,0,-22.05933578,,,,,,
Moxonidine,0,0,0,241.682,0.81812,6,2,2,71.43,0,0,0.05,0.9675,0.157,19.01,0,0,-1.972047955,0,0,0,0,-4.571446414,0,0,Inactive,Inactive,0,1.899039839,0,0,Inactive,0,2.379901489,0,0,Inactive,Inactive,0,0.060749166,,,,,,0,-28.34341794,,,,,,
Lubiprostone,0,0,0,390.467,4.1525,4,2,14,91.67,3,15.74,0.06,0,0,4.135,0,0.316227766,-137.3361044,0.3162,33.381,0.5,0,-0.500699445,0,0,Inactive,Inactive,0,-18.30548514,0,0,Inactive,0,1.110682404,0,0,Inactive,Inactive,0,-6.62631798,,,,,,0,-41.34699071,,,,,,
Capmatinib,0,0,0,412.428,3.429,6,1,4,85.07,0,1.59,1.09,0,0,8.178,0,39.81071706,-9.18247318,0,0,0,0,0,,,,,,,,,,,,,,,,0,5.29026748,,,,,,0,-27.65320488,,,,,,
Cinnarizine,0,0,0,368.524,5.107,2,0,6,6.48,0,5.27,-0.1,0.6874,0.3702,31.02,0,1.77827941,-46.72737001,0.7943,37.7759,0.5,0,3.330601675,0,0,Inactive,Inactive,3.16227766,-223.2866898,0,0,Inactive,0,4.823314883,0,0,Inactive,Inactive,0,1.614210273,,,,,,0,-38.41020557,,,,,,
Tedizolid,0,0,0,370.344,1.3957,8,1,4,106.26,1,11.24,0.01,0,0.1987,14.33,0,0,0,0,0,0,,,,,,,,,,,,,,,,,,,,,,,,,,,,,,,,
Treprostinil,0,0,8.72,390.52,3.5832,4,3,10,86.99,5,0,0.12,0,0,12.6,0,0,0,0,0,0,,,,,,,,,,,,,,,,,,,,,,,,,,,,,,,,
Amisulpride,0,0,8.55,369.487,1.2851,6,2,7,101.73,1,9.47,0.03,0.09462,0.2622,22.02,0,0,-11.83258764,0,0,0,0,-41.85628561,0,0,Inactive,Inactive,0,3.042740981,0,0,Inactive,0,0,0,0,Inactive,Inactive,0,2.918712589,,,,,,0,-1.444791098,,,,,,
Agomelatine,0,0,10.22,243.306,2.527,2,1,4,38.33,0,42.24,-0.03,0,0.1484,14.2,0,0,-3.138230543,0,0,0,0,-2.555753991,0,0,Inactive,Inactive,0,0,0,0,Inactive,0,-3.976563136,0,0,Inactive,Inactive,0,0.098774856,,,,,,0,-6.490698419,,,,,,
Nitisinone,0,0,0,329.23,2.7346,5,0,3,94.35,0,0,-0.1,0,0.2981,24.42,0,39.81071706,-131.7900216,39.8107,59.6712,0.5,0,0,0,0,Inactive,Inactive,0,0,0,0,Inactive,0,0,0,0,Inactive,Inactive,0,-0.233227572,,,,,,0,-18.59799257,,,,,,
Etoricoxib,0,0,6.1,358.85,4.17592,4,0,3,59.92,0,12.43,0.32,0.1588,0.06952,22.4,0,0.707945784,-52.54959883,0.7079,40.5712,0.5,0,1.937852938,0,0,Inactive,Inactive,0,0,0,0,Inactive,0,2.121620134,0,0,Inactive,Inactive,0,-1.052400261,,,,,,0,-20.24740092,,,,,,
Moclobemide,0,0,0,268.744,1.402,3,1,4,41.57,0,-1.36,0.01,0.3217,0.1695,13.94,0,0,-75.97169548,0,0,0,0,10.38585445,0,0,Inactive,Inactive,0,0,0,0,Inactive,0,0.927365198,0,0,Inactive,Inactive,0,-1.360573233,,,,,,0,-17.76346825,,,,,,
Safinamide,0,0,0,302.349,2.3681,3,2,7,64.35,1,0,0.16,0.3615,0.04637,12.51,0,0,0,0,0,0,0,-44.11683162,0,0,Inactive,Inactive,0,0,0,0,Inactive,0,-7.405527314,0,0,Inactive,Inactive,0,-5.142339843,,,,,,0,-6.931474965,,,,,,
Tasimelteon,0,0,9.8,245.322,2.2512,2,1,4,38.33,2,28.66,-0.2,0,0.1536,7.34,0,0,-20.26376557,0,0,0,0,-26.63688273,0,0,Inactive,Inactive,0,-74.42759341,0,0,Inactive,0,-8.454367117,0,0,Inactive,Inactive,0,-3.831770284,,,,,,0,-8.482150736,,,,,,
Voxelotor,0,0,5.09,337.379,3.6231,6,1,6,77.24,0,4.85,-0.09,0,0.1638,16.72,0,0,0,0,0,0,,,,,,,,,,,,,,,,,,,,,,,,,,,,,,,,
Istradefylline,0,0,0,384.436,2.1241,8,0,6,80.28,0,-0.25,0.09,0,0.1372,5.647,0,0.707945784,-73.33593341,0.7079,49.827,0.5,0,-2.996001756,0,0,Inactive,Inactive,0,1.789245937,0,0,Inactive,0,-1.832820499,0,0,Inactive,Inactive,0,5.210021728,,,,,,0,-18.97251207,,,,,,
Amifampridine,0,0,0,109.132,0.246,3,2,0,64.93,0,5.4,-0.16,0,0.1603,35.62,0,0,0,0,0,0,,,,,,,,,,,,,,,,,,,,,,,,,,,,,,,,
Revefenacin,0,0,9.75,597.76,4.836,6,2,10,108.21,0,0,0,0,0,7.44,0,0,0,0,0,0,,,,,,,,,,,,,,,,,,,,,,,,,,,,,,,,
Tezacaftor,0,0,0,520.504,3.3953,7,4,8,113.18,1,-1.16,-0.07,0,0.1873,3.48,0,0,0,0,0,0,,,,,,,,,,,,,,,,,,0,6.212447154,,,,,,0,-8.555862058,,,,,,
Lemborexant,0,0,8.52,410.424,3.74204,5,1,6,77,2,15.02,-0.18,0,0,24.6,0,0,0,0,0,0,0,-14.16892565,,,,,,,,,,,,,,,,0,-10.77543886,,,,,,0,-9.194696294,,,,,,
Riluzole,0,0,0,234.202,2.7771,4,1,1,48.14,0,4.91,-0.15,0,0.1438,7.161,0,0,13.72442103,0,0,0,8.912509381,-51.37292463,0,0,Inactive,Inactive,0,-19.04576936,0,0,Inactive,0,-130.1703106,0,0,Inactive,Inactive,0,-3.60044197,,,,,,0,0.963558068,,,,,,
Tamsulosin,0,0,0,408.52,2.3409,6,2,11,99.88,1,0,-0.07,0,0.1193,22.04,0,0,0,0,0,0,,,,,,,,,,,,,,,,,,,,,,,,,,,,,,,,
Relugolix,0,0,0,623.642,3.7505,11,2,9,132.61,0,0,-0.04,0,0,3.22,0,0,-5.77358573,0,0,0,0,-37.80712732,,,,,,,,,,,,,,,,0,12.98535768,,,,,,0,-3.768845717,,,,,,
Paritaprevir,0,0,0,765.893,3.63692,10,3,7,189.65,5,0.28,-0.17,0,0.151,14.05,0,0,0,0,0,0,,,,,,,,,,,,,,,,,,0,-5.94618196,,,,,,0,-18.50535767,,,,,,
Venetoclax,0,0,11,868.457,8.6599,11,3,13,172.03,0,0,-0.29,0,0.1129,21.72,0,0,-15.92084643,0,0,0,0,6.775515142,,,,,,,,,,,,,,,,0,12.36723935,,,,,,2.238721139,-111.5573818,,,,,,
Osilodrostat,0,0,8.6,227.242,2.42948,3,0,1,41.61,1,0,-0.11,0,0,-5.55,0,0,0,0,0,0,,,,,,,,,,,,,,,,,,,,,,,,,,,,,,,,
Uridine triacetate,0,0,0,370.314,-1.1395,10,1,5,142.99,4,-22.84,-0.02,0,0.05866,6.896,0,0,-151.4011888,0,0,0,0,-6.166535387,0,0,Inactive,Inactive,0,-23.31442524,0,0,Inactive,0,-0.194355029,0,0,Inactive,Inactive,0,2.009423624,,,,,,0,-40.73074348,,,,,,
Epinastine,0,0,0,249.317,2.4668,3,1,0,41.62,1,-3.27,-0.08,0,-0.03911,-4.851,0,0,0,0,0,0,,,,,,,,,,,,,,,,,,,,,,,,,,,,,,,,
Varenicline,0,0,0,211.268,1.8039,3,1,0,37.81,2,0,-0.17,0,0,22.78,0,0,0,0,0,0,,,,,,,,,,,,,,,,,,,,,,,,,,,,,,,,
RANOLAZINE,0,0,0,427.545,2.30804,6,2,9,74.27,1,0,0,1.095,0.1142,0,0,39.81071706,-8.402266838,39.8107,43.5234,0.5,0,2.646338673,0,0,Inactive,Inactive,0,0,0,0,Inactive,0,0,0,0,Inactive,Inactive,0,-1.24390448,,,,,,0,-28.54426624,,,,,,
DOMPERIDONE,0,0,0,425.92,3.3532,5,2,5,78.82,0,4.8,-0.11,0.39,0.1608,7.05,0,11.22018454,-39.77118128,11.2202,59.4962,0.5,0,-6.119265208,0,0,Inactive,Inactive,39.81071706,-14.0227329,39.8107,48.0964,Inconclusive,39.81071706,-9.588627326,39.8107,31.8879,Inconclusive,Cytotoxic,0,16.13006403,,,,,,0,-32.77258697,,,,,,
PILOCARPINE NITRATE,0,0,6.97,271.273,0.8141,6,1,3,107.49,2,0,0,0,0.1136,0,0,0,0,0,0,0,,,,,,,,,,,,,,,,,,,,,,,,,,,,,,,,
TRIMETHOBENZAMIDE HYDROCHLORIDE,0,0,0,424.925,3.0046,6,1,10,69.26,0,0,0,0,0.1981,0,0,0,-3.977884476,0,0,0,0,3.390053047,0,0,Inactive,Inactive,0,0,0,0,Inactive,0,2.168830665,0,0,Inactive,Inactive,0,11.68802218,,,,,,0,-31.32842639,,,,,,
BENZOIC ACID,0,0,0,122.123,1.3848,1,1,1,37.3,0,33.07,-0.19,0,0,7.99,0,0,0,0,0,0,,,,,,,,,,,,,,,,,,,,,,,,,,,,,,,,
UREA,0,0,0,60.056,-0.9762,1,2,0,69.11,0,19.36,-0.03,0,0.04168,18.24,0,0,0,0,0,0,,,,,,,,,,,,,,,,,,,,,,,,,,,,,,,,
MICONAZOLE NITRATE,0,0,0,479.147,6.1071,5,1,6,90.42,1,0,-0.27,-0.1193,0.003347,14.26,0,31.6227766,-16.23344465,0,0,0,0,-28.58427325,,,,,,,,,,,,,,,,0,3.535249746,,,,,,12.58925412,-75.55954881,,,,,,
TIOPRONIN,0,0,0,163.198,-0.4945,3,3,3,66.4,1,0,0.15,0,0.1099,24.6,0,0,-71.84311816,0,0,0,0,-20.40846769,0,0,Inactive,Inactive,0,0.985622581,0,0,Inactive,0,0,0,0,Inactive,Inactive,0,1.195151158,,,,,,0,-14.09262405,,,,,,
MIANSERIN HYDROCHLORIDE,0,0,8.12,300.833,3.5057,2,0,0,6.48,1,0,0,0,0.2217,0,0,0,0,0,0,0,,,,,,,,,,,,,,,,,,,,,,,,,,,,,,,,
BETAHISTINE HYDROCHLORIDE,0,0,0,209.12,1.6871,2,1,3,24.92,0,0,0,0,0.1802,0,0,0,0,0,0,0,,,,,,,,,,,,,,,,,,,,,,,,,,,,,,,,
BIFONAZOLE,0,0,0,310.4,5.1878,2,0,4,17.82,1,70.75,-0.11,-0.0446,0,-1.13,0,31.6227766,-23.28488786,31.6228,80.4844,0.5,39.81071706,-10.76359729,39.8107,38.2072,Inconclusive,Cytotoxic,39.81071706,-31.39313483,39.8107,107.675,Inconclusive,0,-10.01068622,0,0,Inactive,Inactive,0,8.893974694,,,,10,36.432,12.58925412,-76.81131184,,,,,14.125375,24.488
ENOXACIN,0,0,0,320.324,0.6633,6,2,3,87.46,0,-14.27,-0.12,1.182,0,7.669,0,0,-42.60789196,0,0,0,0,-11.77321733,0,0,Inactive,Inactive,0,-97.27821453,0,0,Inactive,0,2.67367584,0,0,Inactive,Inactive,0,-0.35800246,,,,,,0,-32.15012181,,,,,,
Rilpivirine,0,0,0,366.428,4.9891,6,2,5,97.42,0,82.1,1.73,0,0.1167,-36.34,0,22.38721139,-49.40789163,22.3872,115.464,1,28.18382931,-35.58664217,35.4813,42.7423,Inconclusive,Cytotoxic,39.81071706,-70.035117,39.8107,106.141,Inconclusive,15.84893192,-44.46915358,15.8489,42.0715,Inconclusive,Cytotoxic,0,-1.512509932,,,,,,8.912509381,-80.52372913,,,,,,
Cabergoline,0,0,9.2,451.615,3.1939,4,2,8,71.68,3,0,0.2,0,0,15.57,0,19.95262315,-98.1251517,19.9526,97.926,0.5,0,2.204313515,0,0,Inactive,Inactive,35.48133892,-0.34513027,35.4813,47.3171,Inconclusive,0,0.152899509,0,0,Inactive,Inactive,12.58925412,68.72586133,,,,,,0,-33.75430762,,,,,,
Acrivastine,0,0,0,348.446,4.01532,3,1,6,53.43,0,28.58,0.05,0,0.1912,11.52,0,39.81071706,-18.66364175,39.8107,30.2251,0.5,0,3.466940646,0,0,Inactive,Inactive,0,0,0,0,Inactive,0,3.21311899,0,0,Inactive,Inactive,0,-0.686657643,,,,,,0,-32.0431464,,,,,,
Elvitegravir,0,0,0,447.89,4.281,5,2,7,88.76,1,7.47,0.46,0,0.1404,10.31,0,0.001122019,-356.1835003,0,0,0,0,3.679002689,0,0,Inactive,Inactive,12.58925412,-222.6469686,12.5893,80.6309,Active,0,0,0,0,Inactive,Inactive,0,-1.420278371,,,,,,10,-80.60074756,,,,,,
Dasabuvir,0,0,0,493.585,4.0236,6,2,5,110.26,0,-10.02,0.55,0.184,0.3029,17.1,0,5.011872336,-79.47204571,5.0119,32.765,0.5,0,-3.990996553,0,0,Inactive,Inactive,39.81071706,-109.4435869,39.8107,63.7795,Inconclusive,0,0.595987514,0,0,Inactive,Inactive,12.58925412,39.48904639,,,,12.589254,48.664,3.981071706,-41.59730306,,,,,14.125375,42.532
Silodosin,0,0,10.44,495.542,3.0711,6,3,13,97.05,1,-9.07,-0.03,0.8702,0.3783,18,0,39.81071706,-10.39907817,39.8107,47.6829,0.5,0,-3.945999149,0,0,Inactive,Inactive,0,-2.210205697,0,0,Inactive,0,-37.71000725,0,0,Inactive,Inactive,0,-2.973387895,,,,,,0,-19.97735486,,,,,,
Lumacaftor,0,0,6.46,452.413,4.74702,5,2,5,97.75,0,37.26,0.02,0,0.04797,2.625,0,3.16227766,-55.89001864,3.1623,43.2008,0.5,0,0.1680592,0,0,Inactive,Inactive,0,-51.75491424,0,0,Inactive,0,0,0,0,Inactive,Inactive,0,6.258826113,,,,,,0,-16.9324573,,,,,,
Stiripentol,0,0,0,234.295,2.8355,3,1,2,38.69,1,2.28,0.04,0.1907,0,23.97,0,39.81071706,-16.71890475,39.8107,57.344,0.5,0,-13.23716458,0,0,Inactive,Inactive,0,2.4004399,0,0,Inactive,0,1.623265504,0,0,Inactive,Inactive,0,-1.94764978,,,,,,0,-30.55666365,,,,,,
Pretomanid,0,0,0,359.26,2.6677,7,0,5,88.65,1,-0.06,0.08,0,0,-11.24,0,0,-5.306319602,0,0,0,0,-7.176977968,,,,,,,,,,,,,,,,0,-3.708231357,,,,,,0,-20.22684312,,,,,,
Rufinamide,0,0,0,238.197,0.7035,4,1,3,73.8,0,-10.47,-0.04,0.3352,0.1638,-8.338,0,0,-95.86933835,0,0,0,0,0.252166013,0,0,Inactive,Inactive,0,-18.7064035,0,0,Inactive,0,-5.001427267,0,0,Inactive,Inactive,0,0.082196392,,,,,,0,-14.46471419,,,,,,
(+)-Camphor,0,0,0,152.237,2.4017,1,0,0,17.07,2,4.08,-0.14,0,0,28.93,0,0,-14.17479775,0,0,0,0,4.789257107,0,0,Inactive,Inactive,0,-11.39899869,0,0,Inactive,0,-18.47225354,0,0,Inactive,Inactive,0,-3.329756105,,,,,,0,-11.52310881,,,,,,
Parecoxib,0,0,8.3,370.43,3.53192,5,1,5,89.27,0,5.85,-0.11,0,0.03281,24.92,0,0,-16.32548116,0,0,0,0,1.429513781,0,0,Inactive,Inactive,0,-0.602538606,0,0,Inactive,0,2.12911487,0,0,Inactive,Inactive,0,-0.735643891,,,,,,0,-16.28390815,,,,,,
Saxagliptin,0,0,9.22,315.417,1.15798,4,2,2,90.35,8,-4.62,0,0,0,2.652,0,0,-12.63407141,0,0,0,0,-2.820517765,0,0,Inactive,Inactive,0,8.056316388,0,0,Inactive,0,-0.718675517,0,0,Inactive,Inactive,0,8.086467056,,,,,,0,5.661891902,,,,,,
Bosutinib,0,0,10.54,530.456,5.19038,8,1,9,82.88,0,18.71,-0.33,-0.3065,0.09732,-1.12,0,3.16227766,-96.63655942,0,0,0,14.12537545,-83.00742285,,,,,,,,,,,,,,,,0,-8.977021767,,,,,,7.943282347,-117.5169597,,,,,,
Selexipag,0,0,0,496.633,3.898,7,1,12,101.49,0,-2.21,-0.08,0,0.0592,10.87,0,39.81071706,-45.63190366,39.8107,60.2787,0.5,0,-1.869665555,0,0,Inactive,Inactive,0,-7.759739299,0,0,Inactive,0,0,0,0,Inactive,Inactive,0,7.526524546,,,,,,0,-18.41448732,,,,,,
Cinacalcet,0,0,7.7,357.419,6.142,1,1,6,12.03,1,0,-0.38,0,-0.07555,18.38,0,0,0,0,0,0,,,,,,,,,,,,,,,,,,,,,,,,,,,,,,,,
GUAIACOL,0,0,0,124.139,1.4008,2,1,1,29.46,0,0,0,0.2494,0,0,0,0,-15.06583958,0,0,0,0,-59.48547569,0,0,Inactive,Inactive,0,3.329916268,0,0,Inactive,0,0,0,0,Inactive,Inactive,0,6.257298955,,,,,,0,-13.15651465,,,,,,
ETHYLENEDIAMINE TETRACETATE TETRA-ETHANOLAMINE,0,0,0,536.58,-6.3216,14,12,15,340.68,0,-2.85,-0.05,0,0,2.523,0,0,0,0,0,0,,,,,,,,,,,,,,,,,,,,,,,,,,,,,,,,
ALENDRONATE SODIUM,0,0,0,326.131,-6.7433,4,6,5,255.81,0,0,-0.19,0,0,4.25,0,0,-6.120428415,0,0,0,0,0.843931252,0,0,Inactive,Inactive,0,0,0,0,Inactive,0,0,0,0,Inactive,Inactive,0,3.186374568,,,,,,0,-1.654900642,,,,,,
RIZATRIPTAN BENZOATE,0,0,6.9,391.475,3.2966,5,2,6,87.04,0,-3.9,0.07,0.7991,0,-3.916,0,25.11886432,-12.96989582,0,0,0,0,0,0,0,Inactive,Inactive,0,0,0,0,Inactive,0,1.298560362,0,0,Inactive,Inactive,0,-0.084913704,,,,,,0,-22.60824124,,,,,,
METAXALONE,0,0,0,221.256,1.79064,3,1,3,47.56,1,-6.36,0.12,0,0.2292,4.879,0,0,-10.21904745,0,0,0,0,-28.56619021,0,0,Inactive,Inactive,0,0.51930652,0,0,Inactive,0,-24.91748909,0,0,Inactive,Inactive,0,-2.741001034,,,,,,0,-7.591595644,,,,,,
DONEPEZIL HYDROCHLORIDE,0,0,0,415.961,4.7829,4,0,6,38.77,1,0,-0.2,0,0.173,18.24,0,39.81071706,-22.0683885,39.8107,75.6921,0.5,0,4.254292812,0,0,Inactive,Inactive,39.81071706,-11.48366028,39.8107,38.3877,Inconclusive,0,-0.971795709,0,0,Inactive,Inactive,0,-1.909780602,,,,,,0,-0.743334591,,,,,,
FAMPRIDINE,0,0,0,94.117,0.6638,2,1,0,38.91,0,-6.59,-0.05,0.1168,0.1111,27.93,0,0,-151.4324653,0,0,0,0,11.12891416,0,0,Inactive,Inactive,0,0,0,0,Inactive,0,0,0,0,Inactive,Inactive,0,-3.149196958,,,,,,0,-22.44053921,,,,,,
CYSTEAMINE HYDROCHLORIDE,0,0,0,113.613,0.2967,2,2,1,26.02,0,0,0,0,0.253,0,0,0,-66.28691718,0,0,0,0,0,0,0,Inactive,Inactive,0,0,0,0,Inactive,0,7.089936575,0,0,Inactive,Inactive,0,6.788145336,,,,,,0,1.701907315,,,,,,
ZOLMITRIPTAN,0,0,8.9,287.363,1.9229,3,2,5,57.36,1,7.85,0.24,0.4913,0.1454,25.69,0,39.81071706,-62.03818209,39.8107,40.8308,0.5,0,1.535060667,0,0,Inactive,Inactive,0,0,0,0,Inactive,0,0,0,0,Inactive,Inactive,0,-0.049050801,,,,,,0,-1.18744114,,,,,,
FUSIDIC ACID,0,0,0,516.719,5.6661,5,3,5,104.06,10,6.87,0.04,0,0,8.77,0,0,0,0,0,0,,,,,,,,,,,,,,,,,,,,,,,,,,,,,,,,
MEBEVERINE HYDROCHLORIDE,0,0,0,466.018,5.0243,6,0,13,57.23,1,0,0,0,0.1457,0,0,11.22018454,-48.60249735,11.2202,68.1397,1,0,16.57627023,0,0,Inactive,Inactive,39.81071706,-21.36239117,39.8107,73.2706,Inconclusive,0,-5.529893135,0,0,Inactive,Inactive,0,4.90429728,,,,,,0,-27.33328901,,,,,,
SUMATRIPTAN,0,0,0,295.408,1.3212,3,2,6,65.2,0,-0.78,-0.04,0,0.2609,15.35,0,0,0,0,0,0,0,3.335673098,0,0,Inactive,Inactive,0,0,0,0,Inactive,0,0,0,0,Inactive,Inactive,0,11.50400309,,,,,,0,-22.99016512,,,,,,
FEXOFENADINE HYDROCHLORIDE,0,0,8,538.128,5.9323,4,3,10,81,1,0,0,0,0.1118,0,0,6.309573445,-10.71723336,6.3096,32.3993,0.5,0,8.438076289,0,0,Inactive,Inactive,0,0,0,0,Inactive,0,9.02137978,0,0,Inactive,Inactive,0,6.428590678,,,,,,0,-3.817467539,,,,,,
LOFEXIDINE  HYDROCHLORIDE,0,0,8.36,295.597,3.1842,3,1,3,33.62,1,0,-0.11,0.03818,0.1853,14.75,0,0,0,0,0,0,,,,,,,,,,,,,,,,,,,,,,,,,,,,,,,,
ALFUZOSIN HYDROCHLORIDE,0,0,8.55,425.917,1.7725,8,2,8,111.83,1,0,0,0,0.1086,0,0,39.81071706,-19.93802843,39.8107,68.3852,0.5,15.84893192,-53.08760273,0,0,Inactive,Inactive,39.81071706,-32.49831445,39.8107,111.466,Inconclusive,0,-63.21129643,0,0,Inactive,Inactive,0,5.573321162,,,,,,0,-10.16535314,,,,,,
FAMCICLOVIR,0,0,0,321.337,0.541,9,1,7,122.22,0,-6.05,-0.08,0.2587,0.02613,9.899,0,0,-4.229773263,0,0,0,0,-3.23016764,0,0,Inactive,Inactive,0,0,0,0,Inactive,0,-33.0731731,0,0,Inactive,Inactive,0,4.567967581,,,,,,0,-23.13213711,,,,,,
NEFOPAM,0,0,0,253.345,3.238,2,0,1,12.47,1,-6.62,-0.05,0,0,29.17,0,0,0,0,0,0,,,,,,,,,,,,,,,,,,,,,,,,,,,,,,,,
ALMOTRIPTAN,0,0,8,335.473,2.1976,3,1,6,56.41,0,0,0,0,0.03586,0,0,0,2.282377859,0,0,0,0,2.472437747,0,0,Inactive,Inactive,0,-10.60258012,0,0,Inactive,0,2.283325508,0,0,Inactive,Inactive,0,1.421262512,,,,,,0,-16.28695685,,,,,,
VALACYCLOVIR HYDROCHLORIDE,0,0,0,360.802,-0.3758,9,3,7,151.14,1,0,-0.2,0,0.03059,6.38,0,39.81071706,-53.01135434,39.8107,66.7301,0.5,0,0.285630528,0,0,Inactive,Inactive,0,0,0,0,Inactive,0,0,0,0,Inactive,Inactive,0,-0.449541765,,,,,,0,-15.30384158,,,,,,
GRAMICIDIN (gramicidin A shown),0,0,0,1882.332,4.3723,17,21,53,548.99,14,21.89,0.19,0,0,17.26,0,0,0,0,0,0,,,,,,,,,,,,,,,,,,,,,,,,,,,,,,,,
EUGENOL,0,0,0,164.204,2.1293,2,1,3,29.46,0,0,0.02,0,0.2298,14.47,0,0,-31.5538779,0,0,0,0,3.323220378,0,0,Inactive,Inactive,0,-34.51470758,0,0,Inactive,0,-4.625409364,0,0,Inactive,Inactive,0,-3.521465349,,,,,,0,-15.39638851,,,,,,
ANTAZOLINE,0,0,0,265.36,2.6949,3,1,5,27.63,0,0,0,0,0.1577,0,0,0,0,0,0,0,,,,,,,,,,,,,,,,,,,,,,,,,,,,,,,,
CAPSAICIN,0,0,0,305.418,3.7896,3,2,9,58.56,0,1.12,-0.12,0,0.1538,26.63,0,0,-27.8973115,0,0,0,0,-18.37713327,,,,,,,,,,,,,,,,0,-3.374946234,,,,,,0,-12.08591899,,,,,,
HEXYLRESORCINOL,0,0,0,194.274,3.2206,2,2,5,40.46,0,9.12,0.01,0,0.2337,15.77,0,0,-266.743467,0,0,0,0,-114.8138944,0,0,Inactive,Inactive,0.891250938,-157.3408152,0.8913,93.7561,Active,39.81071706,-46.89155104,39.8107,90.6664,Inconclusive,Cytotoxic,0,-1.324503769,,,,,,0,-36.13365309,,,,,,
CYCLIZINE,0,0,8.35,266.388,3.0234,2,0,3,6.48,0,-0.71,0.01,0,0.1379,22.3,0,0,0,0,0,0,,,,,,,,,,,,,,,,,,,,,,,,,,,,,,,,
PROCYCLIDINE HYDROCHLORIDE,0,0,8.34,323.908,4.3622,2,1,5,23.47,1,0,0,0,0.2175,0,0,39.81071706,-18.35942803,10,30.4467,0.5,0,-0.080055323,0,0,Inactive,Inactive,3.548133892,-71.05067187,3.5481,59.2229,Inconclusive,0,-7.828989871,0,0,Inactive,Inactive,0,22.30231787,,,,,,0,-10.54761591,,,,,,
MESALAMINE,0,7.53E+03,5.12,153.137,0.6726,3,3,1,83.55,0,-4.82,-0.12,0.3772,0.1964,7.437,0,31.6227766,-164.1986062,31.6228,32.152,0.5,0,0,0,0,Inactive,Inactive,0,-5.192578285,0,0,Inactive,0,1.672845397,0,0,Inactive,Inactive,0,0.843171377,,,,,,0,-18.29646341,,,,,,
GUANETHIDINE,0,0,0,198.314,0.73557,2,3,3,65.14,0,0,0,0,0.1165,0,0,0,0,0,0,0,,,,,,,,,,,,,,,,,,,,,,,,,,,,,,,,
GEMFIBROZIL,0,0,4.23,250.338,3.57324,2,1,6,46.53,0,3.12,-0.17,0.2785,0.05216,31.76,0,0,-18.64106194,0,0,0,0,10.20667815,0,0,Inactive,Inactive,0,14.91858108,0,0,Inactive,0,-0.940084123,0,0,Inactive,Inactive,0,-2.824674194,,,,,,0,-27.77773778,,,,,,
SULFACETAMIDE,0,0,0,214.246,0.0936,4,2,2,89.26,0,-3.73,-0.23,0,0.2126,13.66,0,0,-21.97239218,0,0,0,0,-36.12405438,0,0,Inactive,Inactive,0,0,0,0,Inactive,0,-79.78038325,0,0,Inactive,Inactive,0,-3.162920785,,,,,,0,-15.75799731,,,,,,
BENZONATATE,0,0,0,603.75,2.8346,12,1,32,121.4,0,0,0,0,0.09156,0,0,44.66835922,-177.1939654,0,0,0,28.18382931,-1.062552279,0,0,Inactive,Inactive,39.81071706,-31.74484979,39.8107,108.881,Inconclusive,0,-5.035545993,0,0,Inactive,Inactive,0,-7.958129668,,,,,,0,-10.87862823,,,,,,
DEXTROMETHORPHAN HYDROBROMIDE,0,0,5.7,352.316,3.9613,2,0,1,12.47,3,0,0,0,0.09056,0,0,0,0,0,0,0,,,,,,,,,,,,,,,,,,,,,,,,,,,,,,,,
CLIDINIUM BROMIDE,0,0,9.6,432.358,-0.2915,3,1,4,46.53,3,0,-0.17,0,0.116,18.17,0,0,8.375349043,0,0,0,0,16.10495424,0,0,Inactive,Inactive,0,0.723171643,0,0,Inactive,0,0,0,0,Inactive,Inactive,0,4.522916816,,,,,,0,-8.249829588,,,,,,
GLUCONOLACTONE,0,0,0,178.14,-3.0132,6,4,1,107.22,4,13.48,-0.12,0,0,-1.322,0,0,-29.21710069,0,0,0,0,3.367739276,0,0,Inactive,Inactive,0,1.362696216,0,0,Inactive,0,0,0,0,Inactive,Inactive,0,4.157283012,,,,,,0,-29.17980059,,,,,,
METAPROTERENOL,0,0,0,211.261,1.1292,4,4,4,72.72,1,-4.16,0.18,0,-0.1316,11.26,0,0,0,0,0,0,,,,,,,,,,,,,,,,,,,,,,,,,,,,,,,,
METHENAMINE,0,0,0,140.19,-1.0198,4,0,0,12.96,4,-2.65,-0.12,0.2897,0.2305,6.189,0,0,-77.16225557,0,0,0,0,-6.87848719,0,0,Inactive,Inactive,0,0,0,0,Inactive,0,-1.354548881,0,0,Inactive,Inactive,0,1.60659242,,,,,,0,-8.194069743,,,,,,
ORPHENADRINE CITRATE,0,0,5.2,461.511,2.41412,6,4,11,144.6,1,0,0.03,0,0,7.93,0,0,0,0,0,0,,,,,,,,,,,,,,,,,,,,,,,,,,,,,,,,
Uridine,0,0,0,244.203,-2.8519,7,4,2,124.78,4,3.88,-0.22,0,0,31.53,0,0,-156.6250647,0,0,0,0,-2.34956466,,,,,,,,,,,,,,,,0,11.74001397,,,,,,0,-17.50930674,,,,,,
MANNITOL,0,0,0,182.172,-3.5854,6,6,5,121.38,4,-29.88,0.08,0,0,13.85,0,0,0,0,0,0,0,-0.046902475,,,,,,,,,,,,,,,,,,,,,,,,,,,,,,
Ondansetron,0,0.09,10.04,293.37,3.12852,4,0,2,39.82,1,0,0.43,0,0.03849,21.17,0,39.81071706,-36.62229775,39.8107,63.8372,0.5,0,10.04653386,0,0,Inactive,Inactive,0,10.20955714,0,0,Inactive,0,5.856562314,0,0,Inactive,Inactive,0,-1.764642754,,,,,,0,-19.86649003,,,,,,
Inosine,0,0,0,268.229,-2.2689,8,4,2,133.49,4,0,0,-0.08895,0,0,0,0,1.986363677,0,0,0,0,-4.685728235,0,0,Inactive,Inactive,0,-173.8535381,0,0,Inactive,0,-16.92537026,0,0,Inactive,Inactive,0,-4.486351467,,,,,,0,-23.27471509,,,,,,
Carglumic Acid,0,0,0,190.155,-1.0273,3,4,5,129.72,1,7.18,-0.08,0,0.1387,-4.06,0,0,0,0,0,0,,,,,,,,,,,,,,,,,,,,,,,,,,,,,,,,
L-Cycloserine,0,2.62E+05,3.58,102.093,-1.6249,3,2,0,64.35,1,0,0,1.42,0,0,0,0,0,0,0,0,,,,,,,,,,,,,,,,,,0,-0.32265073,,,,,,0,-23.14784954,,,,,,
Galanthamine,0,0,7.21,287.359,1.8503,4,1,1,41.93,3,1.53,-0.14,0,0.2532,9.86,0,0,-0.449189359,0,0,0,0,-14.87576942,0,0,Inactive,Inactive,0,-70.42828382,0,0,Inactive,0,7.461606537,0,0,Inactive,Inactive,0,3.274323879,,,,,,0,-23.67345502,,,,,,
Levetiracetam,0,0,6.1,170.212,-0.1273,2,1,3,63.4,1,13.42,-0.02,0.008913,0.04659,4.118,0,0,-9.578996805,0,0,0,0,2.194939496,,,,,,,,,,,,,,,,0,-1.14500812,,,,,,0,-15.83665762,,,,,,
Voriconazole,0,0,8.73,349.316,2.1769,6,1,5,76.72,2,-2.98,-0.12,0.00006668,0.166,9.578,0,0,-20.64709217,0,0,0,0,-0.252900342,0,0,Inactive,Inactive,0,-256.5160727,0,0,Inactive,0,-18.0515209,0,0,Inactive,Inactive,0,2.33931092,,,,,,0,-26.85638803,,,,,,
Isosorbide mononitrate,0,0,0,191.139,-1.2782,6,1,2,91.06,4,-2.1,-0.08,0.4835,0.1018,17.33,0,0,-22.62457539,0,0,0,0,1.126061146,0,0,Inactive,Inactive,0,-41.32001598,0,0,Inactive,0,-10.17061455,0,0,Inactive,Inactive,0,-3.59293739,,,,,,0,-21.11222957,,,,,,
Deflazacort,0,0,0,441.524,2.5632,7,1,3,102.26,8,0,0,0.4333,0.3895,0,0,0,3.004065231,0,0,0,0,0,0,0,Inactive,Inactive,0,0,0,0,Inactive,0,3.886839808,0,0,Inactive,Inactive,0,-1.808185056,,,,,,0,-3.118318657,,,,,,
Orlistat,0,0.04,10.39,495.745,6.8819,5,1,23,81.7,4,-3.03,0.77,0,0.2509,37.35,0,0,0,0,0,0,0,15.35785028,0,0,Inactive,Inactive,0,0,0,0,Inactive,0,7.720739702,0,0,Inactive,Inactive,0,6.83501373,,,,,,12.58925412,-75.74974603,,,,,,
Moxidectin,0,0,0,639.83,5.7289,9,2,3,116.04,10,0,0,0,0.3085,0,0,10,-32.90467245,17.7828,66.6212,0.5,0,-56.35418478,0,0,Inactive,Inactive,0,-86.46158184,0,0,Inactive,0,1.261892705,0,0,Inactive,Inactive,0,24.75448351,,,,,,3.548133892,-57.39317203,,,,,,
HYDROXYZINE PAMOATE,0,0,0,763.287,7.4473,8,5,12,151,1,-2.82,-0.13,0,0,29.11,0,0,0,0,0,0,,,,,,,,,,,,,,,,,,,,,,,,,,,,,,,,
Diazoxide,0,194000,3.71,230.676,1.8726,3,1,0,58.53,0,0,0,0.02926,0.1379,11.11,0,0,-17.4302112,0,0,0,0,0.120028933,0,0,Inactive,Inactive,0,0,0,0,Inactive,0,-8.072316494,0,0,Inactive,Inactive,0,-2.097695373,,,,,,0,-8.958761539,,,,,,
Cefaclor,0,0,0,367.814,0.6213,5,3,4,112.73,3,34.21,0.11,0.6065,0.3978,74.81,0,0,-61.65771631,0,0,0,0,0,0,0,Inactive,Inactive,0,0,0,0,Inactive,0,2.111376517,0,0,Inactive,Inactive,0,12.47723604,,,,,,0,-9.329917606,,,,,,
Methazolamide,0,14,7.85,236.278,-1.4238,6,1,1,107.41,0,-0.52,0.21,0.3518,0,-19.29,0,0,-8.083392963,0,0,0,0,-3.382568287,0,0,Inactive,Inactive,0,-39.94196852,0,0,Inactive,0,-20.16486471,0,0,Inactive,Inactive,0,2.272045862,,,,,,0,-19.55469442,,,,,,
Natamycin,0,0,0,665.733,0.1197,13,7,3,230.99,14,3.99,-0.01,0,0,8.099,0,0,-123.8862319,0,0,0,0,-6.075239446,0,0,Inactive,Inactive,0,-62.80907352,0,0,Inactive,0,0.885313656,0,0,Inactive,Inactive,0,6.409062441,,,,,,0,-28.42120246,,,,,,
Aztreonam,0,0,5.74,435.44,-1.1725,10,4,7,201.58,2,1.89,-0.06,0.1281,0.135,7.203,0,0,-17.82056617,0,0,0,0,3.745151877,0,0,Inactive,Inactive,0,0,0,0,Inactive,0,0.06556952,0,0,Inactive,Inactive,0,2.365865255,,,,,,0,-21.80105294,,,,,,
Nizatidine,0,0,6.92,331.467,1.3225,8,2,10,83.33,0,-3.09,0.04,0,0,14.96,0,0,-59.26556635,0,0,0,0,0.587233609,0,0,Inactive,Inactive,0,-35.70183056,0,0,Inactive,0,2.352303281,0,0,Inactive,Inactive,0,-3.407845034,,,,,,0,-20.24463109,,,,,,
Mebendazole,0,0,0,295.298,2.9722,4,2,3,84.08,0,13.81,0.67,0.1013,0.2334,31.63,0,1.412537545,-289.1873085,6.3096,35.2826,0.5,11.22018454,-25.78230826,0,0,Inactive,Inactive,0,0,0,0,Inactive,0,-11.8704389,0,0,Inactive,Inactive,0,-14.3223736,,,,,,0.630957345,-102.4539625,,,,,,
Nitrofurantoin,0,0,0,238.159,0.0735,6,1,3,118.05,0,21.5,-0.2,0.01764,0.1622,14.81,0,39.81071706,-75.70760384,0,0,0,39.81071706,-12.15534096,0,0,Inactive,Inactive,39.81071706,-27.0930021,39.8107,97.9678,Inconclusive,39.81071706,-12.23198221,39.8107,41.9543,Inconclusive,Cytotoxic,0,-0.499793327,,,,,,0,-18.3806785,,,,,,
Repaglinide,0,106,6.97,452.595,5.2199,4,2,10,78.87,1,0.78,0.08,0.4307,0.06595,7.8,0,0,-21.37024321,0,0,0,0,0.785861679,0,0,Inactive,Inactive,0,7.507815586,0,0,Inactive,0,4.746004284,0,0,Inactive,Inactive,0,19.26168264,,,,,,0,-43.60381092,,,,,,
Flunisolide,0,0,9.1,434.504,2.2747,6,2,2,93.06,9,-4.09,-0.07,0.0848,0.1937,12.51,0,0,-8.569648006,0,0,0,0,-2.746354367,0,0,Inactive,Inactive,0,0.874872549,0,0,Inactive,0,-0.359080262,0,0,Inactive,Inactive,0,-8.057623359,,,,,,0,-9.463560912,,,,,,
Isosorbide dinitrate,0,0,0,236.136,-1.0622,8,0,4,123.2,4,-9.77,0.11,0.07718,0,33,0,0,-141.3792057,0,0,0,0,-9.50521202,0,0,Inactive,Inactive,0,1.320993622,0,0,Inactive,0,4.192086162,0,0,Inactive,Inactive,0,-1.774414316,,,,,,0,-25.48447319,,,,,,
Cimetidine,0,500,6.3,252.347,0.5974,4,3,5,88.89,0,-12.58,-0.07,0.01447,0.04968,17.13,0,0,-52.87610281,0,0,0,0,0,0,0,Inactive,Inactive,0,0,0,0,Inactive,0,2.07875058,0,0,Inactive,Inactive,0,-1.200371473,,,,,,0,-3.749997116,,,,,,
Furazolidone,0,0,0,225.16,0.9739,6,0,3,98.18,0,41.74,-0.01,0,0.1034,19.33,0,0,-37.64639583,0,0,0,0,0,0,0,Inactive,Inactive,0,0,0,0,Inactive,0,-3.270192183,0,0,Inactive,Inactive,0,-12.59640374,,,,,,0,-33.75129087,,,,,,
Belumosudil,0,0,0,452.518,4.8201,6,3,7,104.82,0,-8.64,1.65,0,0,-34.99,0,0,-115.9486971,0,0,0,12.58925412,-69.41061446,,,,,,,,,,,,,,,,0,-4.624684727,,,,,,0,-24.79763519,,,,,,
Tepotinib (EMD 1214063),0,0,0,492.583,4.00788,8,0,7,96.93,0,0,0,0,0,0,0,39.81071706,-9.879535887,0,0,0,0,-99.1826676,,,,,,,,,,,,,,,,12.58925412,76.02991964,10,72.8017,Inconclusive,,,0,-15.09034285,12.5893,89.2776,Inconclusive,Cytotoxic,,
Telotristat,0,0,0,546.937,4.51012,8,3,8,142.17,2,0,0,0,-0.05214,0,0,0,0,0,0,0,,,,,,,,,,,,,,,,,,0,0.69380889,,,,,,0,1.602287202,,,,,,
Fexinidazole,0,0,0,279.321,2.6292,6,0,5,70.19,0,19.95,0.02,0,0.1901,14.15,0,0,0,0,0,0,,,,,,,,,,,,,,,,,,,,,,,,,,,,,,,,
Umbralisib,0,0,0,571.559,6.6627,8,1,6,109.06,1,24.32,-0.05,0,0,19.1,0,0,2.26298998,0,0,0,0,-0.889729839,,,,,,,,,,,,,,,,0,10.98489712,,,,,,0,-8.664528874,,,,,,
ZILEUTON,0,0,0,236.296,2.7322,3,2,2,66.56,1,0,0.03,-0.00439,0.2291,9.14,0,6.309573445,-18.63245659,6.3096,38.1681,0.5,0,15.53924379,0,0,Inactive,Inactive,0,0,0,0,Inactive,0,0,0,0,Inactive,Inactive,0,-1.35771927,,,,,,0,-26.24428017,,,,,,
Dydrogesterone,0,0,6.9,312.453,4.4995,2,0,1,34.14,6,0,0.63,0.5447,0.01426,17,0,0.707945784,-50.03005857,0.7079,34.9741,0.5,0,-3.848148201,0,0,Inactive,Inactive,39.81071706,-24.5126191,39.8107,84.0755,Inconclusive,0,3.135703538,0,0,Inactive,Inactive,0,-1.381872808,,,,,,0,-6.752608153,,,,,,