Name,MW,logP,HBA,HBD,RotBonds,PSA,NoChiralCentres,Caco2 Ellinger % inhibition,Caco2 Ellinger IC50 (nM),Caco2 Ellinger CC50 (nM),Caco2 Ellinger Caco2 Selectivity index,Vero-E6 Zaliani % inhibition,Vero-E6 Zaliani  IC50 (nM),Vero-E6 Zaliani  CC50 (nM),Vero-E6 Zaliani  Selectivity index,Vero-E6 Touret Inhibition index,HRCE Heiser Hit score,3CLPro Kuzikov % inihibition,3CLPro Kuzikov IC50 (nM),Vero-E6 Riva%Viral inhibition,Bakowski Calu3 EC50 GeoMean (µM),Bakowski HeLa-ACE2 EC50 GeoMean (µM),Bakowski HEK293T CC50 GeoMean (µM),Bakowski HepG2 CC50 GeoMean (µM),SARS-CoV Pseudotyped particle entry Vero E6 - NCATS and PubChem (AID:1479145)AC50 (μM),SARS-CoV Pseudotyped particle entry Vero E6 - NCATS and PubChem (AID:1479145) AUC,SARS-CoV Pseudotyped particle entry Vero E6 - NCATS and PubChem (AID:1479145) Potency (μM) Concentration,SARS-CoV Pseudotyped particle entry Vero E6 - NCATS and PubChem (AID:1479145) Efficacy (%) ,SARS-CoV Pseudotyped particle entry Vero E6 - NCATS and PubChem (AID:1479145) Activity,SARS-CoV Pseudotyped particle entry Vero E6 (Tox counterscreen)- NCATS and PubChem (AID:1479150) AC50 (μM), SARS-CoV Pseudotyped particle entry Vero E6 (Tox counterscreen)- NCATS and PubChem (AID:1479150) AUC,SARS-CoV Pseudotyped particle entry Vero E6 (Tox counterscreen)- NCATS and PubChem (AID:1479150) Potency (μM) Concentration , SARS-CoV Pseudotyped particle entry Vero E6 (Tox counterscreen)- NCATS and PubChem (AID:1479150) Efficacy (%),SARS-CoV Pseudotyped particle entry Vero E6 (Tox counterscreen)- NCATS and PubChem (AID:1479150) Activity,Tox,MERS Pseudotyped particle entry Huh7 - NCATS and PubChem (AID:1479149) AC50 (μM),MERS Pseudotyped particle entry Huh7 - NCATS and PubChem (AID:1479149) AUC, MERS Pseudotyped particle entry Huh7 - NCATS and PubChem (AID:1479149) Potency (μM) Concentration ,MERS Pseudotyped particle entry Huh7 - NCATS and PubChem (AID:1479149) Efficacy (%) ,MERS Pseudotyped particle entry Huh7 - NCATS and PubChem (AID:1479149) Activity,MERS Pseudotyped particle entry Huh7 (Tox counterscreen) - NCATS and PubChem (AID:1479147) AC50 (μM),MERS Pseudotyped particle entry Huh7 (Tox counterscreen) - NCATS and PubChem (AID:1479147) AUC,MERS Pseudotyped particle entry Huh7 (Tox counterscreen) - NCATS and PubChem (AID:1479147) Potency (μM) Concentration ,MERS Pseudotyped particle entry Huh7 (Tox counterscreen) - NCATS and PubChem (AID:1479147) Efficacy (%)  of the Hill equation to the dose-response curves.,MERS Pseudotyped particle entry Huh7 (Tox counterscreen) - NCATS and PubChem (AID:1479147) Activity,MERS Pseudotyped particle entry Huh7 (Tox counterscreen) - NCATS and PubChem (AID:1479147) Tox,"SARS-CoV-2 cytopathic effect (CPE) - NCATS, PubChem (AID:1508606) and Chen AC50 (μM)","SARS-CoV-2 cytopathic effect (CPE) - NCATS, PubChem (AID:1508606) and Chen AUC","SARS-CoV-2 cytopathic effect (CPE) - NCATS, PubChem (AID:1508606) and Chen Potency (μM) Concentration ","SARS-CoV-2 cytopathic effect (CPE) - NCATS, PubChem (AID:1508606) and Chen Efficacy (%)","SARS-CoV-2 cytopathic effect (CPE) - NCATS, PubChem (AID:1508606) and Chen Activity","SARS-CoV-2 cytopathic effect (CPE) - NCATS, PubChem (AID:1508606) and Chen CPE EC50 (uM)","SARS-CoV-2 cytopathic effect (CPE) - NCATS, PubChem (AID:1508606) and Chen CPE % Efficacy","SARS-CoV-2 cytopathic effect (CPE)(Tox counterscreen) - NCATS, PubChem (AID:1508605) and Chen AC50 (μM)","SARS-CoV-2 cytopathic effect (CPE)(Tox counterscreen) - NCATS, PubChem (AID:1508605) and Chen AUC","SARS-CoV-2 cytopathic effect (CPE)(Tox counterscreen) - NCATS, PubChem (AID:1508605) and Chen Potency (μM) Concentration ","SARS-CoV-2 cytopathic effect (CPE)(Tox counterscreen) - NCATS, PubChem (AID:1508605) and Chen Efficacy (%) ","SARS-CoV-2 cytopathic effect (CPE)(Tox counterscreen) - NCATS, PubChem (AID:1508605) and Chen Activity","SARS-CoV-2 cytopathic effect (CPE)(Tox counterscreen) - NCATS, PubChem (AID:1508605) and Chen Tox","SARS-CoV-2 cytopathic effect (CPE)(Tox counterscreen) - NCATS, PubChem (AID:1508605) and Chen Cytotox CC50 (uM)","SARS-CoV-2 cytopathic effect (CPE)(Tox counterscreen) - NCATS, PubChem (AID:1508605) and Chen % Cytotox",protein-binding,BA (Bioavailability)
enalaprilat (dihydrate),384.43,-0.52,4,3,8,169.94,3,0,0,0,0,0,0,0,0,0.84,0,0,0,0,0,0,0,0,0,0,0,0,0,0,0,0,0,0,0,0,0,0,0,0,0,0,0,0,0,0,0,0,0,0,0,0,0,0,0,0,0,0,0,0,0,0.5,0
sertraline (hydrochloride),342.7,5.6,1,1,2,12.03,2,5.58,0,0,0,6.11,0,0,0,0,0,3.14,0,0,0,0,0,0,17.78,-29.39,35.48,84.06,0.5,0,-4.25,0,0,0,0,12.59,-284.57,0,0,0,39.81,-14.4,39.81,49.4,0.5,1,0,8.29,0,0,0,0,0,12.59,-105.31,0,0,0,0,0,0,0.98,0
clindamycin (hydrochloride),461.45,0.81,7,4,7,102.26,9,20.57,0,0,0,0.14,0,0,0,0,0,19.16,0,0,0,0,0,0,10,-61.61,10,51.53,0.5,0,0,0,0,0,0,0,6.02,0,0,0,0,0,0,0,0,0,0,6.43,0,0,0,0,0,0,0.93,0,0,0,0,0,0,0.77,0
ketotifen (fumarate),425.51,3.73,5,2,2,94.91,0,2.84,0,0,0,0.22,0,0,0,0.84,0,17.19,0,0,0,0,0,0,31.62,-23.93,0,0,0,0,0,0,0,0,0,0,0,0,0,0,0,0,0,0,0,0,0,4.41,0,0,0,0,0,0,-21.16,0,0,0,0,0,0,0.75,0
vecuronium (bromide),637.74,2.97,5,0,4,55.84,10,0,0,0,0,0,0,0,0,0.35,0,0,0,0,0,0,0,0,0,-39.16,0,0,0,0,-20.87,0,0,0,0,0,0,0,0,0,0,-89.09,0,0,0,0,0,0.98,0,0,0,0,0,0,-22.03,0,0,0,0,0,0,0,0
azilsartan,456.46,4.6,8,2,7,123.5,0,37.48,0,0,0,0.04,0,0,0,0,0.15,4.07,0,0,0,0,0,0,39.81,-67.88,39.81,45.11,0.5,0,-3.25,0,0,0,0,0,3.72,0,0,0,0,-2.42,0,0,0,0,0,0.14,0,0,0,0,0,0,-13.96,0,0,0,0,0,0,0.99,0.6
pantoprazole (sodium),405.36,-0.48,6,0,7,90.63,1,2.84,0,0,0,0.1,0,0,0,0.76,0,94.78,0,0,0,0,0,0,0,0,0,0,0,0,0,0,0,0,0,0,0,0,0,0,0,0,0,0,0,0,0,0,0,0,0,0,0,0,0,0,0,0,0,0,0,0.98,0
terazosin (hydrochloride dihydrate),459.93,-0.17,8,1,4,166.04,1,17.19,0,0,0,0.04,0,0,0,0,0,6.64,0,0,0,0,0,0,0,0,0,0,0,0,0,0,0,0,0,0,0,0,0,0,0,0,0,0,0,0,0,0,0,0,0,0,0,0,0,0,0,0,0,0,0,0.92,0.9
tirofiban (hydrochloride monohydrate),495.08,2.55,5,3,14,136.23,1,1.68,0,0,0,0.13,0,0,0,0,0.2,2.84,0,0,0,0,0,0,39.81,-30.88,39.81,46.37,0.5,0,2.62,0,0,0,0,0,1.92,0,0,0,0,0,0,0,0,0,0,1.93,0,0,0,0,0,0,-19.49,0,0,0,0,0,0,0.65,0
sitagliptin,407.32,2.02,5,1,4,77.04,1,0,0,0,0,-0.01,0,0,0,0,0.2,6.08,0,0,0,0,0,0,22.39,-20.05,0,0,0,0,-56.57,0,0,0,0,0,0,0,0,0,0,0,0,0,0,0,0,16.4,0,0,0,0,0,0,-17.46,0,0,0,0,0,0,0.38,0.87
amodiaquine (dihydrochloride dihydrate),464.82,4.37,4,2,6,111.39,0,0,0,0,0,0,0,0,0,0.13,0,0,0,0,0,0,0,0,10,-76.8,10,97.67,1,39.81,-12.75,0,0,0,0,14.13,-53.8,14.13,91.4,1,39.81,-9.5,39.81,73.6,0.5,1,1.58,126.38,5.62,94.98,1,0,0,0,-25.48,0,0,0,0,0,0,0,0
rabeprazole (sodium),381.43,-0.38,5,0,8,81.4,1,4.39,0,0,0,0.1,0,0,0,0,0,99.86,740,0,0,0,0,0,0,2.33,0,0,0,0,-10.29,0,0,0,0,0,0,0,0,0,0,-5.33,0,0,0,0,0,0.74,0,0,0,0,0,0,-19.12,0,0,0,0,0,0,0.96,0.52
guanfacine (hydrochloride),282.56,1.97,2,3,2,78.97,0,8.13,0,0,0,0.07,0,0,0,0.16,0,5.55,0,0,0,0,0,0,0,0,0,0,0,0,0,0,0,0,0,0,0,0,0,0,0,0,0,0,0,0,0,0,0,0,0,0,0,0,0,0,0,0,0,0,0,0.7,0.8
clopidogrel,321.83,3.67,4,0,3,29.54,1,0,0,0,0,0.03,0,0,0,0.93,0.07,17.95,0,0,0,0,0,0,0,0,0,0,0,0,0,0,0,0,0,0,0,0,0,0,0,0,0,0,0,0,0,0,0,0,0,0,0,0,0,0,0,0,0,0,0,0.98,0.5
aminophylline,420.43,-3.18,12,4,1,197.4,0,0,0,0,0,0,0,0,0,0.2,0,0,0,0,0,0,0,0,0,-1.8,0,0,0,0,0,0,0,0,0,0,0,0,0,0,0,0,0,0,0,0,0,-7.38,0,0,0,0,0,0,4.87,0,0,0,0,0,0,0.6,0
verapamil (hydrochloride),491.07,5.51,6,0,13,63.95,1,2.76,0,0,0,-0.09,0,0,0,0.71,0,8.09,0,0,0,0,0,0,0,0,0,0,0,0,0,0,0,0,0,0,0,0,0,0,0,0,0,0,0,0,0,0,0,0,0,0,0,0,0,0,0,0,0,0,0,0.91,0.9
chlorpheniramine (maleate),390.87,3.53,4,2,7,90.73,1,0,0,0,0,0,0,0,0,0.17,0,0,0,0,0,0,0,0,0,0,0,0,0,0,0,0,0,0,0,0,0,0,0,0,0,0,0,0,0,0,0,0,0,0,0,0,0,0,0,0,0,0,0,0,0,0.72,0
ibuprofen piconol,297.4,4.13,3,0,6,39.19,1,0,0,0,0,0,0,0,0,0.22,0.11,0,0,0,0,0,0,0,0,-19.36,0,0,0,0,2.66,0,0,0,0,0,0,0,0,0,0,0,0,0,0,0,0,7.61,0,0,0,0,0,0,0.42,0,0,0,0,0,0,0.99,0
piperacillin (sodium),539.55,-4.57,8,2,6,159.26,4,2.27,0,0,0,0.09,0,0,0,0.03,0,32.57,0,0,0,0,0,0,0,-37.8,0,0,0,0,-7.96,0,0,0,0,0,1.3,0,0,0,0,-0.11,0,0,0,0,0,0,0,0,0,0,0,0,-20.8,0,0,0,0,0,0,0,0
pancuronium (dibromide),732.68,0.12,4,0,4,52.6,10,6.54,0,0,0,-0.06,0,0,0,0.06,0,-1.26,0,0,0,0,0,0,0,-19.29,0,0,0,0,2.23,0,0,0,0,0,1.05,0,0,0,0,7.71,0,0,0,0,0,3.45,0,0,0,0,0,0,-27.59,0,0,0,0,0,0,0.84,0
cyproheptadine (hydrochloride),323.87,5.12,1,0,0,3.24,0,2.12,0,0,0,0.32,0,0,0,-0.13,0,5.77,0,0,0,0,0,0,0,-38.86,0,0,0,0,6.58,0,0,0,0,0,0,0,0,0,0,0,0,0,0,0,12.59,63.92,0,0,0,11.22,49.98,0,-20.85,0,0,0,0,12.59,20.16,0,0
levamisole (hydrochloride),240.76,2.57,3,0,1,15.6,1,1.74,0,0,0,-0.17,0,0,0,0.37,0,6.39,0,0,0,0,0,0,0,2.89,0,0,0,0,-4.82,0,0,0,0,0,-7.42,0,0,0,0,0.54,0,0,0,0,0,0,0,0,0,0,0,0,0,0,0,0,0,0,0,0.23,0
dobutamine (hydrochloride),337.85,3.38,4,4,7,72.72,1,11.63,0,0,0,-0.01,0,0,0,-0.04,0,10.84,0,0,0,0,0,0,0,0,0,0,0,0,0,0,0,0,0,0,0,0,0,0,0,0,0,0,0,0,0,0,0,0,0,0,0,0,0,0,0,0,0,0,0,0,0
umeclidinium (bromide),508.5,2.14,2,1,8,29.46,2,-3.99,0,0,0,0.06,0,0,0,0,0.13,12.89,0,0,0,0,0,0,22.39,-30.46,22.39,69.48,0.5,0,7.39,0,0,0,0,0,-143.51,0,0,0,0,-0.6,0,0,0,0,0,-2.17,0,0,0,0,0,0,-19.83,0,0,0,0,0,0,0.89,0
levocarnitine propionate (hydrochloride),253.73,-2.51,3,1,6,63.6,1,5.37,0,0,0,-0.13,0,0,0,0,0,17.97,0,0,0,0,0,0,0,0,0,0,0,0,0,0,0,0,0,0,0,0,0,0,0,0,0,0,0,0,0,0,0,0,0,0,0,0,0,0,0,0,0,0,0,0,0.15
ranitidine (hydrochloride),350.87,1.88,7,2,10,83.58,0,3.94,0,0,0,-0.12,0,0,0,0,0,21.94,0,0,0,0,0,0,0,0,0,0,0,0,0,0,0,0,0,0,0,0,0,0,0,0,0,0,0,0,0,0,0,0,0,0,0,0,0,0,0,0,0,0,0,0.15,0.55
tafenoquine (succinate),581.59,5.85,8,4,12,153.23,1,0,0,0,0,0,0,0,0,0,0.1,0,0,0,0,0,0,0,0,0,0,0,0,0,0,0,0,0,0,0,0,0,0,0,0,0,0,0,0,0,0,0,0,0,0,0,0,0,0,0,0,0,0,0,0,1,0
betamethasone dipropionate,504.6,3.82,7,1,6,106.97,8,-6.86,0,0,0,0.07,0,0,0,0,0,9.55,0,0,0,0,0,0,0,0,0,0,0,0,4.86,0,0,0,0,0,-17.36,0,0,0,0,0,0,0,0,0,0,-3.79,0,0,0,0,0,0,-6.5,0,0,0,0,0,0,0,0
atazanavir (sulfate),802.95,3.56,11,7,14,245.82,4,-2.85,0,0,0,-0.01,0,0,0,0,0,-0.01,0,0,0,0,0,0,0,0,0,0,0,0,0,0,0,0,0,0,0,0,0,0,0,0,0,0,0,0,0,0,0,0,0,0,0,0,0,0,0,0,0,0,0,0.86,0.7
(r)-(-)-ibuprofen,206.29,3.07,1,1,4,37.3,1,3.52,0,0,0,-0.17,0,0,0,0,0,28.94,0,0,0,0,0,0,0,0,0,0,0,0,0,0,0,0,0,0,0,0,0,0,0,0,0,0,0,0,0,0,0,0,0,0,0,0,0,0,0,0,0,0,0,0,0
cefditoren (pivoxil),620.74,2.3,14,2,9,175.4,2,-2.37,0,0,0,-0.07,0,0,0,0,0,11.91,0,0,0,0,0,0,39.81,-54.99,39.81,43.94,0.5,0,2.03,0,0,0,0,0,0,0,0,0,0,10.88,0,0,0,0,0,7.29,0,0,0,0,0,0,-30.79,0,0,0,0,0,0,0.88,0.14
montelukast (sodium),608.18,4.62,5,1,12,73.25,1,1.73,0,0,0,-0.21,0,0,0,0,0,-8.4,0,0,0,0,0,0,0,2.93,0,0,0,0,-10.58,0,0,0,0,0,10.47,0,0,0,0,3.3,0,0,0,0,0,0.42,0,0,0,0,0,12.59,-44.03,0,0,0,0,0,0,0.99,0.64
clonidine (hydrochloride),266.56,2.79,3,2,1,36.42,0,2.14,0,0,0,-0.19,0,0,0,0.02,0,8.54,0,0,0,0,0,0,0,0,0,0,0,0,0,0,0,0,0,0,0,0,0,0,0,0,0,0,0,0,0,0,0,0,0,0,0,0,0,0,0,0,0,0,0,0.3,0
(s)-timolol (maleate),432.5,0.21,10,4,8,154.34,1,0,0,0,0,0,0,0,0,0.04,0,0,0,0,0,0,0,0,0,0,0,0,0,0,0,0,0,0,0,0,0,0,0,0,0,0,0,0,0,0,0,0,0,0,0,0,0,0,0,0,0,0,0,0,0,0.1,0.78
diclofenac,296.15,4.36,2,2,4,49.33,0,0,0,0,0,-0.11,0,0,0,0,0.07,3.36,0,0,0,0,0,0,0,0,0,0,0,0,0,0,0,0,0,0,0,0,0,0,0,0,0,0,0,0,0,0,0,0,0,0,0,0,0,0,0,0,0,0,0,0.99,0.54
amoxicillin (sodium),387.39,-4.31,7,3,4,135.79,4,0,0,0,0,0,0,0,0,0,0.05,0,0,0,0,0,0,0,0,-0.26,0,0,0,0,-8.06,0,0,0,0,0,0,0,0,0,0,0,0,0,0,0,0,-2.46,0,0,0,0,0,0,-11.8,0,0,0,0,0,0,0.17,0.6
liothyronine (sodium),672.96,-0.38,5,2,5,95.61,1,-3.81,0,0,0,-0.12,0,0,0,0,0,4.38,0,0,0,0,0,0,0,0,0,0,0,0,0,0,0,0,0,0,0,0,0,0,0,0,0,0,0,0,0,0,0,0,0,0,0,0,0,0,0,0,0,0,0,0.99,0
cefepime (dihydrochloride monohydrate),571.51,-3.34,9,3,7,178.71,2,-3.45,0,0,0,-0.14,0,0,0,0,0,24.56,0,0,0,0,0,0,0,-358.28,0,0,0,0,-201.11,0,0,0,0,0,-392.59,0,0,0,0,-266.11,0,0,0,0,0,-3.07,0,0,0,0,0,0,-6.09,0,0,0,0,0,0,0.2,0.82
s-ruxolitinib (incb018424),306.37,3.47,5,1,4,83.18,1,-8.78,0,0,0,-0.12,0,0,0,0,0,10.73,0,0,0,0,0,0,0,0,0,0,0,0,0,0,0,0,0,0,0,0,0,0,0,0,0,0,0,0,0,0,0,0,0,0,0,0,0,0,0,0,0,0,0,0.97,0.95
nicardipine (hydrochloride),515.99,4.1,8,1,9,111.01,1,0,0,0,0,0,0,0,0,-0.11,0,0,0,0,0,0,0,0,0,0,0,0,0,0,0,0,0,0,0,0,0,0,0,0,0,0,0,0,0,0,0,0,0,0,0,0,0,0,0,0,0,0,0,0,0,0.95,0.35
adenosine,267.25,-1.98,9,4,2,139.54,4,-5.46,0,0,0,0.02,0,0,0,0,0,13.7,0,0,0,0,0,0,0,-133.79,0,0,0,0,13.14,0,0,0,0,0,0,0,0,0,0,0,0,0,0,0,0,4.58,0,0,0,0,0,0,-8,0,0,0,0,0,0,0,0
sodium salicylate,160.1,-3.24,3,1,1,60.36,0,0,0,0,0,0,0,0,0,0,0.19,0,0,0,0,0,0,0,0,0,0,0,0,0,0,0,0,0,0,0,0,0,0,0,0,0,0,0,0,0,0,2.16,0,0,0,0,0,0,-13.56,0,0,0,0,0,0,0,0
tamoxifen (citrate),563.65,4.75,6,4,13,144.6,0,32.46,0,0,0,1.07,0,0,0,-0.12,0,29.24,0,0,0,0,0,0,25.12,-79.33,25.12,53.93,0.5,31.62,-33.47,0,0,0,0,7.08,-65.43,7.08,71.17,1,0,-12.14,0,0,0,0,1.78,42.45,0,0,0,7.08,101.75,11.22,-95.51,0,0,0,0,10,93.9,0.98,0
liothyronine,650.98,3.95,4,3,5,92.78,1,34.31,0,0,0,-0.2,0,0,0,-0.04,0.02,2.74,0,0,0,0,0,0,0,0,0,0,0,0,0,0,0,0,0,0,0,0,0,0,0,0,0,0,0,0,0,0,0,0,0,0,0,0,0,0,0,0,0,0,0,0.99,0
lansoprazole,369.37,3.52,4,1,5,67.87,1,19.31,0,0,0,0.19,0,0,0,0.82,0,103.13,390,0,0,0,0,0,0,0,0,0,0,22.39,-12.43,0,0,0,0,0,0,0,0,0,0,0,0,0,0,0,0,3.52,0,0,0,0,0,0,-4.5,0,0,0,0,0,0,0.97,0.81
isradipine,371.39,2.58,8,1,4,103.55,1,0,0,0,0,0.57,0,0,0,0.4,0.06,5.45,0,0,0,0,0,0,3.55,-24.56,3.55,31.63,0.5,31.62,-12.75,0,0,0,0,0,0,0,0,0,0,-11.61,0,0,0,0,0,2.57,0,0,0,0,0,0,-27.19,0,0,0,0,0,0,0.95,0.2
felodipine,384.26,3.96,5,1,4,64.63,1,0,0,0,0,1.53,0,0,0,0.27,0.05,19.68,0,0,0,0,0,0,7.08,-62.02,0,0,0,0,16.02,0,0,0,0,0,0.9,0,0,0,0,0,0,0,0,0,0,7.01,0,0,0,0,0,14.13,-53.53,0,0,0,0,0,0,0.99,0.15
ciprofloxacin,331.35,1.58,5,2,3,74.57,0,2.89,0,0,0,0.14,0,0,0,0,0.13,13.11,0,0,0,0,0,0,0,-1.54,0,0,0,0,10.25,0,0,0,0,0,0,0,0,0,0,0,0,0,0,0,0,2.65,0,0,0,0,0,0,-1.39,0,0,0,0,0,0,0.3,0.6
dapsone,248.31,1.68,4,2,2,86.18,0,-2.39,0,0,0,0.07,0,0,0,-0.01,0.27,10.43,0,0,0,0,0,0,0,2.92,0,0,0,0,0.29,0,0,0,0,6.31,-11.58,6.31,34.87,0.5,0,1.65,0,0,0,0,0,-1.23,0,0,0,0,0,0,-29.54,0,0,0,0,0,0,0.8,0.93
aminocaproic acid hydrochloride,167.64,1.01,2,2,5,63.32,0,-7.52,0,0,0,0.01,0,0,0,0.1,0,13.2,0,0,0,0,0,0,0,0,0,0,0,0,0,0,0,0,0,0,0,0,0,0,0,0,0,0,0,0,0,0,0,0,0,0,0,0,0,0,0,0,0,0,0,0,0
atenolol,266.34,0.45,4,3,8,84.58,1,0,0,0,0,-0.01,0,0,0,0,0.23,3.46,0,0,0,0,0,0,0,0,0,0,0,0,0,0,0,0,0,0,0,0,0,0,0,0,0,0,0,0,0,0,0,0,0,0,0,0,0,0,0,0,0,0,0,0.12,0.56
dipyridamole,504.64,-0.02,12,4,12,145.44,0,10.45,0,0,0,0.24,0,0,0,0.09,0.18,-1.03,0,0,0,0,0,0,8.91,-84.83,31.62,24.02,0.5,0,3.16,0,0,0,0,35.48,-4.59,35.48,49.31,0.5,0,0,0,0,0,0,0,-1.05,0,0,0,0,0,0,-13.42,0,0,0,0,0,0,0.99,0.5
bumetanide,364.42,3.04,5,3,8,118.72,0,87.45,0,0,0,-0.3,0,0,0,0.6,0,30.63,0,0,0,0,0,0,0,-4.54,0,0,0,0,-26.37,0,0,0,0,0,-37.6,0,0,0,0,-19.94,0,0,0,0,0,-6.78,0,0,0,0,0,0,-18.88,0,0,0,0,0,0,0.97,0.9
chlorthalidone,338.77,0.92,4,3,2,109.49,1,0,0,0,0,0,0,0,0,0.2,0.15,0,0,0,0,0,0,0,0,-45.42,0,0,0,0,0.06,0,0,0,0,0,-0.42,0,0,0,0,6.84,0,0,0,0,0,5.15,0,0,0,0,0,0,-13.98,0,0,0,0,0,0,0.75,0
disulfiram,296.55,3.62,4,0,4,6.48,0,0.44,0,0,0,7.16,0,0,0,-0.12,0.21,100.36,220,0,0,0,0,0,0.79,-115.46,0.79,97.45,0.5,0.79,-153.01,0.79,87.08,0.5,1,0,-260.92,0,0,0,10,-188.01,0,0,0.5,0.5,0,-7.19,0,0,0,0,0,0,-23.25,0,0,0,0,0,0,0,0.8
cetylpyridinium chloride,340,3.46,0,0,15,3.88,0,0,0,0,0,0,0,0,0,0,0.14,0,0,0,0,0,0,0,0,0,0,0,0,0,0,0,0,0,0,0,0,0,0,0,0,0,0,0,0,0,0,-4.93,0,0,0,0,0,11.22,-106.64,0,0,0,0,0,0,0,0
cyproheptadine hydrochloride,323.87,5.12,1,0,0,3.24,0,0,0,0,0,0.03,0,0,0,0,0,14.5,0,0,0,0,0,0,31.62,-29.23,31.62,99.66,0.5,0,7.43,0,0,0,0,11.22,-115.8,11.22,109.43,0.5,0,-32.16,0,0,0,0,3.98,82.2,10,45.63,0.5,11.22,49.98,0,-31.35,0,0,0,0,12.59,20.16,0,0
sulfamethoxazole,253.28,1.37,5,2,3,98.22,0,18.96,0,0,0,-0.08,0,0,0,0.07,0,31.05,0,0,0,0,0,0,0,-103.09,0,0,0,0,-14.34,0,0,0,0,0,-56.83,0,0,0,0,-9.61,0,0,0,0,0,0,0,0,0,0,0,0,0,0,0,0,0,0,0,0.7,0.99
triamterene,253.27,0.83,7,3,1,129.62,0,-12.95,0,0,0,-0.01,0,0,0,0.76,0,103.68,0,0,0,0,0,0,0,-39,0,0,0,0,-1.75,0,0,0,0,0,8.03,0,0,0,39.81,-9.68,39.81,32.2,0.5,1,7.08,49.53,0,0,0,0,0,12.59,-73.18,0,0,0,0,0,0,0.67,0.51
prazosin hydrochloride,419.87,2.21,8,1,4,106.95,0,0,0,0,0,0.08,0,0,0,0,0.08,7.68,0,0,0,0,0,0,0,0,0,0,0,0,0,0,0,0,0,0,0,0,0,0,0,0,0,0,0,0,0,0,0,0,0,0,0,0,0,0,0,0,0,0,0,0,0.68
ibuprofen,206.29,3.07,1,1,4,37.3,1,0,0,0,0,-0.02,0,0,0,0,0.09,18.98,0,0,0,0,0,0,0,-43.7,0,0,0,0,-19.02,0,0,0,0,0,0,0,0,0,0,1.34,0,0,0,0,0,0.58,0,0,0,0,0,0,-0.57,0,0,0,0,0,0,0.99,0.85
methyldopa,211.22,0.44,4,4,3,103.78,1,1.17,0,0,0,-0.14,0,0,0,0.13,0,23.45,0,0,0,0,0,0,0,-44.3,0,0,0,0,4.26,0,0,0,0,0,1.16,0,0,0,0,0,0,0,0,0,0,-3.02,0,0,0,0,0,0,-10.94,0,0,0,0,0,0,0.15,0.42
bendroflumethiazide,421.42,1.63,5,3,3,118.36,1,-3.59,0,0,0,-0.09,0,0,0,0.08,0.12,-3.04,0,0,0,0,0,0,0,-2.34,0,0,0,0,-31.07,0,0,0,0,0,7.02,0,0,0,0,0.17,0,0,0,0,0,0.73,0,0,0,0,0,0,-22.14,0,0,0,0,0,0,0.96,0.9
metolazone,365.84,2.71,4,2,2,92.5,1,-2.19,0,0,0,-0.05,0,0,0,0.05,0,9.51,0,0,0,0,0,0,0,-18.42,0,0,0,0,-1.81,0,0,0,0,0,5.61,0,0,0,0,2.68,0,0,0,0,0,-0.96,0,0,0,0,0,0,-28.2,0,0,0,0,0,0,0.6,0.65
indapamide,365.84,2.08,4,2,3,92.5,1,-5.29,0,0,0,0.11,0,0,0,-0.02,0,0.59,0,0,0,0,0,0,0,-30.43,0,0,0,0,2.48,0,0,0,0,0,0,0,0,0,0,2.07,0,0,0,0,0,-5.52,0,0,0,0,0,0,-18.91,0,0,0,0,0,0,0,0.9
cyclosporine,1202.64,3.27,12,5,15,278.8,12,100.07,0,0,0,-0.21,0,0,0,0,0,14.61,0,0,0,0,0,0,39.81,-40.29,39.81,74.19,0.5,0,2.1,0,0,0,0,39.81,-32.45,39.81,115.69,0.5,0,-1.28,0,0,0,0,0,1.71,0,0,0,0,0,12.59,-63.54,0,0,0,0,0,0,0.5,0.3
fluorescein,332.31,3.67,5,2,0,75.99,0,0.08,0,0,0,0,670,33000,49.25,0,0,16.25,0,0,0,0,0,0,0,0,0,0,0,0,0,0,0,0,0,0,0,0,0,0,0,0,0,0,0,0,0,0,0,0,0,0,0,0,0,0,0,0,0,0,0,0.85,0
theophylline,180.17,-1.04,5,1,0,72.68,0,-0.3,0,0,0,0.2,0,0,0,0,0.23,37.24,0,0,0,0,0,0,0,0,0,0,0,0,0,0,0,0,0,0,0,0,0,0,0,0,0,0,0,0,0,0,0,0,0,0,0,0,0,0,0,0,0,0,0,0.4,0
propranolol hydrochloride (+/-),295.81,3,3,2,6,41.49,1,0,0,0,0,0.22,0,0,0,0,0.37,8.37,0,0,0,0,0,0,0,0,0,0,0,0,0,0,0,0,0,0,0,0,0,0,0,0,0,0,0,0,0,-4.98,0,0,0,0,0,0,-30.42,0,0,0,0,0,0,0.96,0.26
ethacrynic acid,303.14,3.61,3,1,6,63.6,0,2.72,0,0,0,1.95,0,0,0,0.79,0.17,0.48,0,0,0,0,0,0,17.78,-50.51,0,0,0,0,13.17,0,0,0,0,0,-2,0,0,0,0,0,0,0,0,0,0,3.19,0,0,0,0,0,0,-16.13,0,0,0,0,0,0,0.98,0.99
flurbiprofen,244.27,3.68,1,1,3,37.3,1,0,0,0,0,0.34,0,0,0,0.16,0,13.74,0,0,0,0,0,0,0,-30.47,0,0,0,0,-1.45,0,0,0,0,0,0,0,0,0,0,0.1,0,0,0,0,0,-3.48,0,0,0,0,0,0,-5.95,0,0,0,0,0,0,0.99,0.92
bupivacaine hydrochloride,324.9,4.32,2,1,5,32.34,1,0,0,0,0,0,0,0,0,0,0.15,0,0,0,0,0,0,0,0,0,0,0,0,0,0,0,0,0,0,0,0,0,0,0,0,0,0,0,0,0,0,0,0,0,0,0,0,0,0,0,0,0,0,0,0,0.95,0
pindolol,248.33,1.91,3,3,6,57.28,1,0,0,0,0,-0.11,0,0,0,0.13,0.38,11.03,0,0,0,0,0,0,8.91,-56.01,0,0,0,0,3.32,0,0,0,0,0,0,0,0,0,0,8.44,0,0,0,0,0,-4.21,0,0,0,0,0,0,-3.24,0,0,0,0,0,0,0.4,0.88
promethazine hydrochloride,320.89,4.66,3,0,3,6.48,1,0,0,0,0,0.06,0,0,0,0,0.14,22,0,0,0,0,0,0,0,0,0,0,0,0,0,0,0,0,0,0,0,0,0,0,0,0,0,0,0,0,0,0,0,0,0,0,0,0,0,0,0,0,0,0,0,0.93,0.25
pentoxifylline,278.31,0.19,7,0,5,78.89,0,-1.66,0,0,0,0.2,0,0,0,0.08,0.2,0.37,0,0,0,0,0,0,31.62,-43.3,31.62,38.68,0.5,0,12.42,0,0,0,0,0,2.7,0,0,0,0,0.78,0,0,0,0,0,1.94,0,0,0,0,0,0,-33.55,0,0,0,0,0,0,0.45,0.25
guanfacine hydrochloride,282.56,1.76,1,2,2,81.47,0,0,0,0,0,0,0,0,0,0,0.12,19.59,0,0,0,0,0,0,0,-5.02,0,0,0,0,-32.82,0,0,0,0,39.81,-14.74,39.81,40.24,0.5,0,3.54,0,0,0,0,0,6.57,0,0,0,0,0,0,-4.13,0,0,0,0,0,0,0.7,0.81
indomethacin,357.79,3.93,4,1,4,68.53,0,-4.31,0,0,0,-0.04,0,0,0,0.05,0.1,29.7,0,0,0,0,0,0,3.98,-20.74,3.98,31.69,0.5,0,-2.49,0,0,0,0,2.51,-53.98,2.51,36.44,0.5,0,7.32,0,0,0,0,0,1.82,0,0,0,0,0,0,-21.85,0,0,0,0,0,0,0.95,0.99
pyridostigmine bromide,261.12,-2.42,2,0,1,33.42,0,0,0,0,0,-0.06,0,0,0,0,0,18.76,0,0,0,0,0,0,1.41,-61.13,1.41,39.47,0.5,0,0,0,0,0,0,0,2.76,0,0,0,0,0,0,0,0,0,0,1.27,0,0,0,0,0,0,-24.03,0,0,0,0,0,0,0,0.08
diphenhydramine hydrochloride,291.82,3.78,2,0,6,12.47,0,0,0,0,0,-0.2,0,0,0,0,0,11.32,0,0,0,0,0,0,0,-7.9,0,0,0,0,0.14,0,0,0,0,0,0,0,0,0,0,0,0,0,0,0,0,-7.68,0,0,0,0,0,0,-11.76,0,0,0,0,0,0,0.83,0.72
aspirin,180.16,1.31,3,1,2,63.6,0,13.13,0,0,0,0.05,0,0,0,0.99,0.1,7.55,0,0,0,0,0,0,0,-5.14,0,0,0,0,-26.38,0,0,0,0,0,0,0,0,0,0,-25.29,0,0,0,0,0,0.88,0,0,0,0,0,0,-23.55,0,0,0,0,0,0,0.7,0
hydrocortisone acetate,404.5,2.35,6,2,3,100.9,7,7.22,0,0,0,0.07,0,0,0,0,0,9.87,0,0,0,0,0,0,0,-55.9,0,0,0,0,0,0,0,0,0,0,2.07,0,0,0,0,0.32,0,0,0,0,0,0.66,0,0,0,0,0,0,-24.81,0,0,0,0,0,0,0.9,0.65
furosemide,330.75,1.89,5,3,5,122.63,0,23.42,0,0,0,-0.06,0,0,0,0.14,0.08,24.33,0,0,0,0,0,0,25.12,-9.64,25.12,48.1,0.5,0,0,0,0,0,0,0,-56.89,0,0,0,0,0,0,0,0,0,0,-0.81,0,0,0,0,0,0,-31.24,0,0,0,0,0,0,0.95,0.71
trimethoprim,290.32,1.26,7,2,5,105.51,0,1.15,0,0,0,-0.04,0,0,0,0.06,0,12.64,0,0,0,0,0,0,0,-15.9,0,0,0,0,-51.11,0,0,0,0,0,-0.98,0,0,0,0,-35.4,0,0,0,0,0,-1.54,0,0,0,0,0,0,-14.94,0,0,0,0,0,0,0.44,0.98
hydrochlorothiazide,297.75,-0.35,5,3,1,118.36,0,-1.29,0,0,0,-0.13,0,0,0,0.06,0.04,16.24,0,0,0,0,0,0,6.31,-11.62,6.31,35.02,0.5,0,8.08,0,0,0,0,6.31,-12.33,6.31,37.22,0.5,0,2.1,0,0,0,0,0,3.15,0,0,0,0,0,0,-25.79,0,0,0,0,0,0,0,0.71
chlorhexidine dihydrochloride,578.38,5.02,4,10,9,167.58,0,0,0,0,0,-0.27,0,0,0,-0.08,0.09,-6.49,0,0,0,0,0,0,0,0,0,0,0,0,0,0,0,0,0,0,0,0,0,0,0,0,0,0,0,0,0,0,0,0,0,0,0,0,0,0,0,0,0,0,0,0.9,0.01
retinol,286.46,5.51,1,1,5,20.23,0,2.81,0,0,0,-0.05,0,0,0,0,0,8.51,0,0,0,0,0,0,0,-2.11,0,0,0,0,0.78,0,0,0,0,0,0,0,0,0,0,0,0,0,0,0,0,-2.76,0,0,0,0,0,0,-32.21,0,0,0,0,0,0,0.01,0
chlorothiazide,295.73,-0.06,5,2,1,118.69,0,14.99,0,0,0,0.28,0,0,0,0.02,0,28.29,0,0,0,0,0,0,0,14.77,0,0,0,0,0,0,0,0,0,0,-7.03,0,0,0,0,1.65,0,0,0,0,0,12.43,0,0,0,0,0,0,17.35,0,0,0,0,0,0,0.4,0.13
albuterol,239.32,1.31,4,4,4,72.72,1,-1.64,0,0,0,-0.02,0,0,0,0.1,-0.3,23.35,0,0,0,0,0,0,0,-31.88,0,0,0,0,5.44,0,0,0,0,0,0,0,0,0,0,-4.24,0,0,0,0,0,-3.3,0,0,0,0,0,0,-10.63,0,0,0,0,0,0,0.1,0
melatonin,232.28,1.86,2,2,4,54.12,0,1.77,0,0,0,-0.11,0,0,0,0.16,0.14,20.61,0,0,0,0,0,0,0,-23.47,0,0,0,0,2.35,0,0,0,0,0,0.06,0,0,0,0,-5.53,0,0,0,0,0,-1.32,0,0,0,0,0,0,-24,0,0,0,0,0,0,0,0.12
fostamatinib (r788),580.47,3.09,12,4,10,186.72,0,0,0,0,0,0,0,0,0,0,0.1,0,0,0,0,0,0,0,0,-35.35,0,0,0,0,-0.1,0,0,0,0,0,0,0,0,0,0,0,0,0,0,0,0,0,0,0,0,0,0,0,0,0,0,0,0,0,0,0.98,0.55
glutamine (d),146.15,-1.34,3,3,4,106.41,1,0.94,0,0,0,-0.1,0,0,0,0,0.19,-11.54,0,0,0,0,0,0,0,0,0,0,0,0,0,0,0,0,0,0,0,0,0,0,0,0,0,0,0,0,0,0,0,0,0,0,0,0,0,0,0,0,0,0,0,0,0
rapamycin,914.19,6.18,13,3,6,195.43,15,49.65,0,0,0,0.5,0,0,0,0,0.68,19.32,0,0,0,0,0,0,0,0,0,0,0,0,0,0,0,0,0,0,0,0,0,0,0,0,0,0,0,0,0,-18.57,0,0,0,0,0,0,-137.02,0,0,0,0,0,0,0.92,0.15
diroximel fumarate,255.23,-0.59,6,0,5,89.98,0,5.18,0,0,0,0.44,0,0,0,0,0,7.1,0,0,0,0,0,0,0,0,0,0,0,0,0,0,0,0,0,0,0,0,0,0,0,0,0,0,0,0,0,0,0,0,0,0,0,0,0,0,0,0,0,0,0,0.35,0
apremilast,460.51,2.43,7,1,8,119.08,1,5.54,0,0,0,0.02,0,0,0,0,0.25,13.15,0,0,0,0,0,0,10,-143.87,10,26.69,0.5,0,-31.71,0,0,0,0,0,0,0,0,0,0,0,0,0,0,0,0,-6.12,0,0,0,0,0,0,4.65,0,0,0,0,0,0,0.68,0.73
beclometasone dipropionate,521.05,4.09,7,1,6,106.97,8,1.84,0,0,0,0.06,0,0,0,0.54,0,14.89,0,0,0,0,0,0,0,0,0,0,0,0,0,0,0,0,0,0,0,0,0,0,0,0,0,0,0,0,0,0,0,0,0,0,0,0,0,0,0,0,0,0,0,0.95,0
iloprost,360.49,3.54,3,3,8,77.76,6,1.51,0,0,0,0.17,0,0,0,0,0,17.06,0,0,0,0,0,0,12.59,-20.96,12.59,48.7,0.5,0,4.65,0,0,0,0,0,2.94,0,0,0,0,0,0,0,0,0,0,1.37,0,0,0,0,0,0,-19.56,0,0,0,0,0,0,0.6,0.16
pirfenidone,185.23,2.15,2,0,1,22,0,-12.79,0,0,0,-0.04,0,0,0,0.27,0.26,26.19,0,0,0,0,0,0,0,-93.37,0,0,0,0,-20.54,0,0,0,0,0,-51.88,0,0,0,0,-22.45,0,0,0,0,0,3.91,0,0,0,0,0,0,1.95,0,0,0,0,0,0,0.54,0
acalabrutinib,465.52,3.31,7,2,4,118.51,1,13.31,0,0,0,-0.15,0,0,0,0,0.13,2.21,0,0,0,0,0,0,17.78,-28.49,0,0,0,0,-1.81,0,0,0,0,0,0,0,0,0,0,0,0,0,0,0,0,1.55,0,0,0,0,0,0,-16.96,0,0,0,0,0,0,0.97,0.25
vortioxetine,298.46,3.86,3,1,3,15.27,0,0,0,0,0,-0.12,0,0,0,0,0.18,8,0,0,0,0,0,0,39.81,-106.13,39.81,72.42,0.5,0,-8.08,0,0,0,0,0,-4.84,0,0,0,0,-7.52,0,0,0,0,0,-2.66,0,0,0,0,0,12.59,-97.59,0,0,0,0,0,0,0.98,0.75
tenofovir disoproxil,519.45,3.04,15,1,13,185.44,1,1.79,0,0,0,-0.01,0,0,0,0,0,4.67,0,0,0,0,0,0,0,0,0,0,0,0,0,0,0,0,0,0,0,0,0,0,0,0,0,0,0,0,0,0,0,0,0,0,0,0,0,0,0,0,0,0,0,0.03,0
tazemetostat,572.75,4.73,6,2,9,86.9,0,13.4,0,0,0,-0.23,0,0,0,0,0,13.41,0,0,0,0,0,0,0,-7.68,0,0,0,0,-21.12,0,0,0,0,0,0,0,0,0,0,0,0,0,0,0,0,7.9,0,0,0,0,0,0,-7.72,0,0,0,0,0,0,0.88,0
regadenoson,390.36,-2.43,12,5,4,186.46,4,0,0,0,0,-0.04,0,0,0,0,0.12,8.22,0,0,0,0,0,0,0,-36.91,0,0,0,0,-1.75,0,0,0,0,0,4.01,0,0,0,0,6.17,0,0,0,0,0,-7.69,0,0,0,0,0,0,-24.16,0,0,0,0,0,0,0,0
ritonavir,720.96,5.91,9,4,17,145.78,4,4.58,0,0,0,-0.2,0,0,0,0.02,0.15,15.19,0,0,0,0,0,0,31.62,-24.25,0,0,0,0,0.54,0,0,0,0,0,-2.86,0,0,0,0,0,0,0,0,0,0,-0.58,0,0,0,0,0,0,-16.17,0,0,0,0,0,0,0.99,0.7
zafirlukast,575.69,5.7,7,2,8,115.73,0,-3.07,0,0,0,-0.2,0,0,0,0.03,0.17,-6.56,0,0,0,0,0,0,12.59,-20.92,12.59,32.13,0.5,0,0.24,0,0,0,0,0,-101.3,0,0,0,0,-5.26,0,0,0,0,0,11.63,0,0,0,0,0,0,-23.99,0,0,0,0,0,0,0.99,0
emtricitabine,247.25,-0.46,7,2,2,90.37,2,-3.69,0,0,0,-0.11,0,0,0,-0.01,0.16,24.5,0,0,0,0,0,0,0,-78.76,0,0,0,0,-1.25,0,0,0,0,0,2.73,0,0,0,0,0,0,0,0,0,0,1.4,0,0,0,0,0,0,-28.99,0,0,0,0,0,0,0,0.93
aprepitant,534.43,4.95,5,2,6,83.24,3,0,0,0,0,0.1,0,0,0,-0.13,-0.05,18.68,0,0,0,0,0,0,39.81,-67.88,39.81,39.42,0.5,35.48,-22.2,0,0,0,0,39.81,-22.5,39.81,77.17,0.5,0,0,0,0,0,0,0,4.24,0,0,0,0,0,0,-21.68,0,0,0,0,0,0,0.95,0.63
minoxidil ,209.25,0.17,6,3,1,91.16,0,0,0,0,0,0,0,0,0,0,0,0,0,0,0,0,0,0,0,-47.18,0,0,0,0,0,0,0,0,0,0,0.33,0,0,0,0,4.14,0,0,0,0,0,-1.14,0,0,0,0,0,0,-28.84,0,0,0,0,0,0,0,0.95
pregabalin hydrochloride,195.69,1.5,2,2,5,63.32,1,5.38,0,0,0,0.04,0,0,0,0.76,0,12.13,0,0,0,0,0,0,0,-70.67,0,0,0,0,4.56,0,0,0,0,0,0,0,0,0,0,0,0,0,0,0,0,0,0,0,0,0,0,0,0,0,0,0,0,0,0,0,0.9
glycopyrrolate,398.34,-0.54,3,1,4,46.53,2,-3.23,0,0,0,-0.13,0,0,0,0,0,11.91,0,0,0,0,0,0,0,-18.06,0,0,0,0,-9.8,0,0,0,0,0,1.45,0,0,0,0,-8.98,0,0,0,0,0,1.59,0,0,0,0,0,0,-16.86,0,0,0,0,0,0,0.41,0.17
glucosamine hydrochloride,215.63,-2.83,6,5,1,116.17,5,0.28,0,0,0,-0.08,0,0,0,0,0,31.98,0,0,0,0,0,0,0,-32.47,0,0,0,0,-5.24,0,0,0,0,0,0,0,0,0,0,0,0,0,0,0,0,-3.07,0,0,0,0,0,0,-19.57,0,0,0,0,0,0,0,0.26
niacinamide,122.13,0.18,2,1,1,55.98,0,3.91,0,0,0,-0.1,0,0,0,-0.02,0.13,2.9,0,0,0,0,0,0,0,2.32,0,0,0,0,-13.73,0,0,0,0,0,0,0,0,0,0,0,0,0,0,0,0,-1.08,0,0,0,0,0,0,-13.95,0,0,0,0,0,0,0,0
estradiol cypionate,396.57,6.13,3,1,4,46.53,5,-2.22,0,0,0,0.38,0,0,0,0,0,19.68,0,0,0,0,0,0,0,-0.14,0,0,0,0,-0.8,0,0,0,0,0,0,0,0,0,0,3.81,0,0,0,0,0,1.27,0,0,0,0,0,0,-30.28,0,0,0,0,0,0,0.9,0
estradiol (cypionate),396.57,6.13,3,1,4,46.53,5,0,0,0,0,0.1,0,0,0,0,0.17,12.48,0,0,0,0,0,0,0,-0.14,0,0,0,0,-0.8,0,0,0,0,0,0,0,0,0,0,3.81,0,0,0,0,0,1.27,0,0,0,0,0,0,-30.28,0,0,0,0,0,0,0.9,0
estradiol valerianate,356.51,5.35,3,1,4,46.53,5,-4.01,0,0,0,0.04,0,0,0,-0.43,0,17.72,0,0,0,0,0,0,31.62,-174.75,39.81,31.68,0.5,8.91,-181.68,0,0,0,0,39.81,-37.54,39.81,89.12,0.5,0,-74.75,0,0,0,0,0,-0.07,0,0,0,0,0,0,-34,0,0,0,0,0,0,0,0.03
cyclosporin a,1202.64,3.27,12,5,15,278.8,12,0,0,0,0,0,0,0,0,-0.1,0.07,0,0,0,0,0,0,0,39.81,-40.29,39.81,74.19,0.5,0,2.1,0,0,0,0,39.81,-32.45,39.81,115.69,0.5,0,-1.28,0,0,0,0,0,1.71,0,0,0,0,0,12.59,-63.54,0,0,0,0,0,0,0.5,0.3
itraconazole hydrochloride,778.57,6.42,12,0,11,104.7,3,0,0,0,0,8,0,0,0,0,0,12.23,0,0,0,0,0,0,6.31,-19.98,39.81,66.2,0.5,4.47,-16.99,0,0,0,0,2.51,-183.63,2.51,83.53,1,3.16,-35.13,3.16,43.11,0.5,1,0,0,0,0,0,0,0,0,0,0,0,0,0,0,0,1,0.55
nicardipine hydrochloride,515.99,4.1,8,1,9,111.01,1,0,0,0,0,0,0,0,0,0,0.19,0,0,0,0,0,0,0,0,0,0,0,0,0,0,0,0,0,0,0,0,0,0,0,0,0,0,0,0,0,0,0,0,0,0,0,0,0,0,0,0,0,0,0,0,0.95,0.23
amiodarone hydrochloride,681.78,7.36,4,0,11,42.68,0,0,0,0,0,0,0,0,0,0,0.12,0,0,0,6.55,1.03,10.87,25.36,12.59,-69.49,12.59,94.75,0.5,0,-17.86,0,0,0,0,10,-49.01,10,77.96,1,0,0,0,0,0,0,11.22,88.7,0,0,0,0,0,12.59,-70.52,0,0,0,0,0,0,0.96,0.5
carvedilol,406.48,3.74,5,3,10,75.74,1,-4.99,0,0,0,0.34,0,0,0,-0.43,0.52,4.88,0,0,0,0,0,0,0,0,0,0,0,0,0,0,0,0,0,0,0,0,0,0,0,0,0,0,0,0,0,0,0,0,0,0,0,0,0,0,0,0,0,0,0,0.98,0
thiamine,337.28,-1.97,5,2,4,75.91,0,0,0,0,0,0,0,0,0,0,0.29,0,0,0,0,0,0,0,39.81,-17.71,0,0,0,0,-3.31,0,0,0,0,0,0,0,0,0,0,3.34,0,0,0,0,0,0,0,0,0,0,0,0,0,0,0,0,0,0,0,0,0.05
niacin,123.11,0.78,2,1,1,50.19,0,6.39,0,0,0,0,0,0,0,0.35,0,23.04,0,0,0,0,0,0,0,8.53,0,0,0,0,5.47,0,0,0,0,0,0,0,0,0,0,0,0,0,0,0,0,-0.92,0,0,0,0,0,0,-22.38,0,0,0,0,0,0,0,0
darunavir,547.67,2.38,8,3,11,140.42,5,0,0,0,0,0,0,0,0,1.16,0.38,0,0,0,0,0,0,0,0,0,0,0,0,0,0,0,0,0,0,0,0,0,0,0,0,0,0,0,0,0,0,-1.3,0,0,0,0,0,0,-24.14,0,0,0,0,0,0,0.95,0.37
cobicistat,776.04,6,10,3,19,138.02,3,0,0,0,0,0,0,0,0,0,0.24,0,0,0,0,0,0,0,12.59,-127.66,0,0,0,0,-4.6,0,0,0,0,39.81,-56.63,39.81,84.8,0.5,0,-11.24,0,0,0,0,0,10.49,0,0,0,0,0,0,-28.7,0,0,0,0,0,0,0.97,0
fluticasone (propionate),500.58,4.43,6,1,4,80.67,9,0,0,0,0,0.69,0,0,0,0.58,0,-5.77,0,0,0,0,0,0,0,0,0,0,0,0,15.16,0,0,0,0,0,0,0,0,0,0,2,0,0,0,0,0,-7.38,0,0,0,0,0,0,-17.06,0,0,0,0,0,0,0.99,0.01
tenofovir alafenamide,476.47,2.97,10,2,11,143.48,3,0,0,0,0,0,0,0,0,0,0.2,0,0,0,0,0,0,0,63.1,-447.44,0.89,62.38,1,0,1.37,0,0,0,0,7.94,-391.2,0,0,0,17.78,-15.61,17.78,30.67,0.5,1,0,-1.4,0,0,0,0,0,0,-26.22,0,0,0,0,0,0,0.8,0
sofosbuvir,529.46,1.66,10,3,10,158.18,6,0,0,0,0,0,0,0,0,0,0.2,0,0,0,0,0,0,0,0.89,-157.45,0,0,0,0,0,0,0,0,0,0,0,0,0,0,0,0,0,0,0,0,0,-5.93,0,0,0,0,0,0,3.45,0,0,0,0,0,0,0.63,0
ethynyl estradiol,296.41,3.61,2,2,0,40.46,5,15.09,0,0,0,0.55,0,0,0,0.69,0.06,16.09,0,0,0,0,0,0,39.81,-21.78,0,0,0,39.81,-57.74,0,0,0,0,19.95,-47.27,19.95,100.41,0.5,39.81,-113.81,39.81,34.56,0.5,1,0,13.36,0,0,0,0,0,10,-48.82,0,0,0,0,0,0,0.98,0.4
nelfinavir,567.8,4.75,6,4,9,101.9,5,0,0,0,0,0,0,0,0,0,0.16,0,0,0,0,0,0,0,31.62,-51.52,0,0,0,39.81,-11.85,0,0,0,0,0,0,0,0,0,0,0,0,0,0,0,0,0,0,0,0,0,0,0,0,0,0,0,0,0,0,0.98,0.5
dolutegravir,419.38,1.35,6,2,3,100.87,2,0,0,0,0,0.17,0,0,0,1.17,-0.02,22.25,0,0,0,0,0,0,19.95,-334.85,0,0,0,0,-35.98,0,0,0,0,44.67,-293.19,0,0,0,0,-1.05,0,0,0,0,0,1.48,0,0,0,0,0,0,-14.8,0,0,0,0,0,0,0.99,0
lopinavir,628.81,4.33,5,4,15,120,4,56.55,19110,2128780,100,9.17,0,0,0,-0.1,0.05,14.46,0,0,0,0,0,0,39.81,-23.18,0,0,0,0,0,0,0,0,0,0,0.72,0,0,0,0,0,0,0,0,0,12.59,56.86,0,0,0,0,0,14.13,-61.05,0,0,0,0,0,0,0.98,0
ledipasvir,889.02,8.61,8,4,10,174.64,6,21.65,0,0,0,0.15,0,0,0,0,-0.22,-32.04,0,0,0,0,0,0,5.62,-38.56,0,0,0,0,-3.72,0,0,0,0,19.95,-63.96,19.95,44.67,0.5,0,2.02,0,0,0,0,0,-2.68,0,0,0,0,0,0,-37.54,0,0,0,0,0,0,0.99,0
edoxaban,548.07,1.29,8,3,5,136.63,3,0,0,0,0,-0.25,0,0,0,0,0.2,8.55,0,0,0,0,0,0,0,0,0,0,0,0,0,0,0,0,0,0,0,0,0,0,0,0,0,0,0,0,0,35.44,0,0,0,0,0,0,-44.84,0,0,0,0,0,0,0.55,0
eplerenone,414.5,3.12,6,0,1,82.2,8,6.94,0,0,0,-0.15,0,0,0,0,0.08,7.62,0,0,0,0,0,0,0,-8.13,0,0,0,0,-5.23,0,0,0,0,0,-48.83,0,0,0,0,-30.07,0,0,0,0,0,-0.99,0,0,0,0,0,0,-7.45,0,0,0,0,0,0,0.5,0.69
linagliptin,472.55,1.15,10,1,4,116.86,1,1.59,0,0,0,-0.26,0,0,0,0.13,0.08,8.42,0,0,0,0,0,0,0,-2.18,0,0,0,0,-27.82,0,0,0,0,0,4.68,0,0,0,0,4.06,0,0,0,0,0,-2.03,0,0,0,0,0,0,-32.01,0,0,0,0,0,0,0.99,0.3
ticagrelor,522.58,2.01,11,4,10,138.44,6,0,0,0,0,-0.23,0,0,0,-0.07,0.18,34.26,0,0,0,0,0,0,7.08,-35.08,7.08,30.54,0.5,0,1.95,0,0,0,0,0,-8.26,0,0,0,0,1.29,0,0,0,0,0,5.02,0,0,0,0,0,8.91,-97.22,0,0,0,0,0,0,0.99,0.36
ropivacaine,274.41,3.51,2,1,4,32.34,1,0,0,0,0,0,0,0,0,0,0.03,0,0,0,0,0,0,0,0,0,0,0,0,0,0,0,0,0,0,0,0,0,0,0,0,0,0,0,0,0,0,0,0,0,0,0,0,0,0,0,0,0,0,0,0,0.94,0.98
raltegravir,444.42,0.91,9,3,6,152.24,0,-7.77,0,0,0,-0.18,0,0,0,0,0.02,5.48,0,0,0,0,0,0,354.81,-440.44,0,0,0,31.62,-285.81,0,0,0,0,0,0,0,0,0,0,0,0,0,0,0,0,6.37,0,0,0,0,0,0,-8.48,0,0,0,0,0,0,0.83,0.32
etravirine,435.29,4.72,7,2,4,120.64,0,-9.42,0,0,0,-0.12,0,0,0,-0.05,-0.09,-4.46,0,0,0,0,0,0,35.48,-38.15,35.48,108.1,0.5,39.81,-15.07,0,0,0,0,39.81,-32.06,39.81,109.96,0.5,0,0,0,0,0,0,0,-3.09,0,0,0,0,0,0,-31.94,0,0,0,0,0,0,0.99,0
salmeterol,415.57,4.11,5,4,16,81.95,1,0,0,0,0,-0.25,0,0,0,-0.04,-0.1,13.05,0,0,0,0,0,0,0,0,0,0,0,0,0,0,0,0,0,0,0,0,0,0,0,0,0,0,0,0,0,0,0,0,0,0,0,0,0,0,0,0,0,0,0,0.96,0
sucrose,342.3,-5.4,11,8,5,189.53,9,-0.39,0,0,0,0,0,0,0,0,0.1,14.39,0,0,0,0,0,0,11.22,-24.37,0,0,0,0,14.59,0,0,0,0,0,0,0,0,0,0,7.67,0,0,0,0,0,10.36,0,0,0,0,0,0,-18.44,0,0,0,0,0,0,0,0
d-ϱ-tocopherol acetate,472.75,9.06,3,0,13,35.53,3,0,0,0,0,0.17,0,0,0,0,0,30.78,0,0,0,0,0,0,0,0,0,0,0,0,0,0,0,0,0,0,0,0,0,0,0,0,0,0,0,0,0,0,0,0,0,0,0,0,0,0,0,0,0,0,0,0,0
ϱ-vitamin e,430.72,8.84,2,1,12,29.46,3,-38.82,0,0,0,-0.04,0,0,0,0,0,16.12,0,0,0,0,0,0,0,0,0,0,0,0,0,0,0,0,0,0,0,0,0,0,0,0,0,0,0,0,0,0,0,0,0,0,0,0,0,0,0,0,0,0,0,0.9,0.36
eicosapentaenoic acid,302.46,5.99,1,1,13,37.3,0,0,0,0,0,0,0,0,0,0,0.15,0,0,0,0,0,0,0,0,-80.74,0,0,0,0,-7.24,0,0,0,0,0,-350.67,0,0,0,0,-35.11,0,0,0,0,0,-5.68,0,0,0,0,0,0,-24.62,0,0,0,0,0,0,0,0
fenofibrate,360.84,4.68,4,0,6,52.6,0,9.91,0,0,0,-0.17,0,0,0,0.19,0.14,3.67,0,0,0,0,0,0,19.95,-73.84,0,0,0,39.81,-20.96,0,0,0,0,6.31,-12.93,6.31,39.07,0.5,0,-0.81,0,0,0,0,0,17.11,0,0,0,0,0,0,-7.86,0,0,0,0,0,0,0.99,0
fenofibric acid,318.76,3.81,3,1,5,63.6,0,-1.71,0,0,0,-0.01,0,0,0,0,0.13,7.33,0,0,0,0,0,0,0,0,0,0,0,0,0,0,0,0,0,0,0,0,0,0,0,0,0,0,0,0,0,0,0,0,0,0,0,0,0,0,0,0,0,0,0,0.99,0.81
amlodipine besylate,567.06,3.2,9,3,9,154.25,1,6.31,0,0,0,0.82,0,0,0,0,0,4.44,0,0,0,0,0,0,0,0,0,0,0,0,0,0,0,0,0,0,0,0,0,0,0,0,0,0,0,0,0,0,0,0,0,0,0,0,0,0,0,0,0,0,0,0.98,0.52
nisoldipine,388.42,3.2,7,1,6,107.77,1,4.82,0,0,0,1.71,0,0,0,0.12,0.4,7.13,0,0,0,0,0,0,11.22,-370.08,35.48,86.87,1,39.81,-106.45,0,0,0,0,0.89,-205.75,0.89,91.86,0.5,39.81,-11.89,39.81,45.97,0.5,1,0,28.94,0,0,0,0,0,3.55,-56.24,0,0,0,0,0,0,0.99,0.05
doxazosin mesylate,547.59,1.22,11,2,4,166.64,1,38.78,0,0,0,0.14,0,0,0,0.82,0,3.59,0,0,0,0,0,0,39.81,-52.48,39.81,31.69,0.5,0,0,0,0,0,0,19.95,-34.6,19.95,73.17,0.5,0,-6.88,0,0,0,0,12.59,81.52,14.13,95.47,0.5,14.13,86.55,0,-3.05,0,0,0,0,0,0,0.98,0.65
azelastine hydrochloride,418.37,4.72,4,0,3,38.13,1,0,0,0,0,0.01,0,0,0,0,0.01,14.45,0,0,0,0,0,0,39.81,-49.77,39.81,95.87,0.5,0,3.86,0,0,0,0,25.12,-25.55,25.12,63.26,0.5,35.48,-22.95,35.48,84.53,0.5,1,11.22,47.55,0,0,0,0,0,12.59,-70.76,0,0,0,0,0,0,0.89,0.99
fluoxetine hydrochloride,345.79,4.86,2,1,6,21.26,1,0,0,0,0,0.26,0,0,0,0,0.07,7.92,0,0,0,0,0,0,19.95,-69.88,39.81,47.97,0.5,0,0.65,0,0,0,0,39.81,-10.7,39.81,35.7,0.5,31.62,-5.82,31.62,52.04,0.5,1,4.47,102.92,10,117.31,1,0,0,0,-14.56,0,0,0,0,0,0,0.94,0.6
olanzapine,312.44,3.44,5,1,0,30.87,0,-0.87,0,0,0,0.13,0,0,0,1.16,0,11.75,0,0,0,0,0,0,17.78,-27.84,17.78,53.69,0.5,0,15.43,0,0,0,0,0,-30.77,0,0,0,0,-0.4,0,0,0,0,0,4.94,0,0,0,0,0,0,-10.11,0,0,0,0,0,0,0.93,0.6
deferoxamine mesylate,656.8,0.43,11,7,23,260.21,0,18.41,0,0,0,0.13,0,0,0,0,0,19.24,0,0,0,0,0,0,39.81,-30.41,0,0,0,39.81,-24.62,0,0,0,0,0,-2.17,0,0,0,39.81,-18.13,39.81,62.17,0.5,1,0,10.97,0,0,0,0,0,0,-27.57,0,0,0,0,0,0,0.1,0
pioglitazone hydrochloride,392.91,3.58,5,1,7,68.29,1,0,0,0,0,-0.14,0,0,0,0.95,0.09,10.3,0,0,0,0,0,0,0.79,-105.86,0.79,44.62,0.5,0,-7.84,0,0,0,0,28.18,-29.39,28.18,81.15,0.5,0,0.06,0,0,0,0,0,3.76,0,0,0,0,0,0,-14.93,0,0,0,0,0,0,0.99,0.83
celecoxib,381.38,3.51,4,1,3,77.98,0,31.66,0,0,0,5.49,0,0,0,-0.34,0.04,-1.37,0,0,0,0,0,0,0,-18.02,0,0,0,0,1.2,0,0,0,0,0,-48.07,0,0,0,0,2.77,0,0,0,0,10,67.79,11.22,41.49,0.5,11.22,79.21,0,-30.28,0,0,0,0,15.85,8.96,0.97,0
sildenafil citrate,666.71,0.36,12,5,12,245.55,0,-9.14,0,0,0,-0.09,0,0,0,0,0,5.46,0,0,0,0,0,0,0,-7.06,0,0,0,0,2.21,0,0,0,0,0,15.4,0,0,0,0,4.92,0,0,0,0,0,-1.49,0,0,0,0,0,0,-28.71,0,0,0,0,0,0,0.96,0.38
mefloquine,414.78,4.87,3,2,2,45.15,2,0,0,0,0,0,0,0,0,0,-0.08,0,0,0,0,0,0,0,14.13,-84.2,0,0,0,39.81,-22.32,0,0,0,0,0,0,0,0,0,0,0,0,0,0,0,11.22,66.44,0,0,0,0,0,14.13,-38.57,0,0,0,0,0,0,0.98,0.8
apixaban,459.51,2.7,6,1,5,110.76,0,87.64,5910,18070,3,-0.02,0,0,0,0,0.27,15.2,0,0,0,0,0,0,39.81,-11.38,39.81,38.04,0.5,0,-91.73,0,0,0,0,0,0,0,0,0,0,-47.21,0,0,0,0,0,3.53,0,0,0,0,0,0,-0.79,0,0,0,0,0,0,0,0.5
moxifloxacin hydrochloride,437.9,2.79,6,2,4,83.8,2,0,0,0,0,-0.07,0,0,0,0.81,0.1,29.02,0,0,0,0,0,0,39.81,-67.52,39.81,56.21,0.5,0,4.4,0,0,0,0,0,-92.13,0,0,0,0,0.31,0,0,0,0,0,-1.01,0,0,0,0,0,0,-22.89,0,0,0,0,0,0,0.5,0.86
metformin hydrochloride,165.63,-0.61,2,4,0,88.99,0,0,0,0,0,0,0,0,0,0,-0.03,0,0,0,0,0,0,0,0,-12.82,0,0,0,0,0,0,0,0,0,0,0,0,0,0,0,9.1,0,0,0,0,0,-0.19,0,0,0,0,0,0,-24.97,0,0,0,0,0,0,0.9,0.52
atracurium besylate,1243.5,9.25,18,0,26,240.84,4,0,0,0,0,0,0,0,0,0.87,0,0,0,0,0,0,0,0,0,0,0,0,0,39.81,-9.94,39.81,33.08,0.5,1,0,3.15,0,0,0,0,-57.49,0,0,0,0,0,-4.21,0,0,0,0,0,0,-30.69,0,0,0,0,0,0,0,0
amantadine hydrochloride,187.71,2.34,1,1,0,26.02,4,0,0,0,0,0,0,0,0,0,0.21,0,0,0,0,0,0,0,0.63,-95.1,0.63,30.79,0.5,0,0,0,0,0,0,0,-1.77,0,0,0,0,-5.21,0,0,0,0,0,5.38,0,0,0,0,0,0,-26.54,0,0,0,0,0,0,0.67,0.9
hydralazine hydrochloride,196.64,1.34,4,2,1,63.83,0,0,0,0,0,0.18,0,0,0,0,0.18,13.72,0,0,0,0,0,0,0,0,0,0,0,0,0,0,0,0,0,0,0,0,0,0,0,0,0,0,0,0,0,0,0,0,0,0,0,0,0,0,0,0,0,0,0,0,0.23
amiloride hydrochloride,266.09,-0.66,6,5,1,156.79,0,0,0,0,0,0.09,0,0,0,0,0,22.67,0,0,0,0,0,0,0,3.45,0,0,0,0,0,0,0,0,0,0,0,0,0,0,0,0,0,0,0,0,0,-1.27,0,0,0,0,0,0,-24.48,0,0,0,0,0,0,0,0.5
clonidine hydrochloride,266.56,2.6,1,2,1,36.42,0,0,0,0,0,-0.02,0,0,0,0,0.17,17.54,0,0,0,0,0,0,0,0,0,0,0,0,0,0,0,0,0,0,0,0,0,0,0,0,0,0,0,0,0,0,0,0,0,0,0,0,0,0,0,0,0,0,0,0,0.95
torsemide,348.43,2.53,5,3,5,100.19,0,0.63,0,0,0,0,0,0,0,0.01,0.12,8.99,0,0,0,0,0,0,0,-18.16,0,0,0,0,-3.7,0,0,0,0,0,18.08,0,0,0,0,0,0,0,0,0,0,-0.33,0,0,0,0,0,0,-14.58,0,0,0,0,0,0,0.99,0.91
clopidogrel sulfate,419.91,3.02,6,2,3,104.14,1,-3.57,0,0,0,0.03,0,0,0,0,0,8.09,0,0,0,0,0,0,0,0,0,0,0,0,0,0,0,0,0,0,0,0,0,0,0,0,0,0,0,0,0,0,0,0,0,0,0,0,0,0,0,0,0,0,0,0.98,0.5
acetaminophen,151.17,1.35,2,2,1,49.33,0,-1.06,0,0,0,-0.3,0,0,0,0.16,0.13,16.03,0,0,0,0,0,0,28.18,-8.31,0,0,0,0,-9.19,0,0,0,0,0,-12.64,0,0,0,0,-5.74,0,0,0,0,0,-2.57,0,0,0,0,0,0,-9.32,0,0,0,0,0,0,0.1,0.88
lidocaine hydrochloride,270.8,3.01,2,1,5,32.34,0,0,0,0,0,0,0,0,0,0,0.17,0,0,0,0,0,0,0,0,0,0,0,0,0,0,0,0,0,0,0,0,0,0,0,0,0,0,0,0,0,0,0,0,0,0,0,0,0,0,0,0,0,0,0,0,0.7,0.35
hydrocortisone 17-butyrate,432.56,3.13,6,2,5,100.9,7,-42.91,0,0,0,0.2,0,0,0,0,-0.05,38.63,0,0,0,0,0,0,0,-7.03,0,0,0,0,0,0,0,0,0,0,-38.22,0,0,0,0,0,0,0,0,0,0,-0.03,0,0,0,0,0,0,-10.3,0,0,0,0,0,0,0.95,0
minoxidil hydrochloride,245.71,0.29,5,2,1,95.11,0,5.6,0,0,0,-0.04,0,0,0,0,0,32.77,0,0,0,0,0,0,0,0,0,0,0,0,0,0,0,0,0,0,0,0,0,0,0,0,0,0,0,0,0,0,0,0,0,0,0,0,0,0,0,0,0,0,0,0.9,0.95
phenelzine sulfate,234.28,0.04,4,4,3,112.65,0,7.33,0,0,0,0.03,0,0,0,0.04,0,32.83,0,0,0,0,0,0,0,0,0,0,0,0,0,0,0,0,0,0,0,0,0,0,0,0,0,0,0,0,0,0,0,0,0,0,0,0,0,0,0,0,0,0,0,0.99,0
omeprazole,345.42,2.9,5,1,5,77.1,1,0,0,0,0,-0.08,0,0,0,1.25,0.18,99.38,0,0,0,0,0,0,39.81,-54.82,39.81,64.1,0.5,39.81,-8.98,0,0,0,0,39.81,-31.9,39.81,109.4,0.5,0,-9.09,0,0,0,0,0,0.88,0,0,0,0,0,0,-15.96,0,0,0,0,0,0,0.95,0.35
palmidrol [5mm],299.5,4.58,2,2,16,49.33,0,-3.5,0,0,0,-0.08,0,0,0,0,0,3.16,0,0,0,0,0,0,0,0,0,0,0,0,0,0,0,0,0,0,0,0,0,0,0,0,0,0,0,0,0,0,0,0,0,0,0,0,0,0,0,0,0,0,0,0,0
silibinin,482.44,2.36,10,5,4,155.14,4,25.04,0,0,0,-0.22,0,0,0,0,0,31.77,0,0,0,0,0,0,0,-2.47,0,0,0,0,-31.93,0,0,0,0,0,0,0,0,0,0,0,0,0,0,0,0,8.41,0,0,0,0,0,0,-29.17,0,0,0,0,0,0,0,0
duvelisib (ipi-145_ ink1197),416.87,4.48,6,2,4,88.49,1,0.17,0,0,0,-0.09,0,0,0,0,0.6,3.31,0,0,0,0,0,0,44.67,-53.61,0,0,0,0,0.61,0,0,0,0,0,0,0,0,0,0,0,0,0,0,0,0,-10.7,0,0,0,0,0,0,-37.77,0,0,0,0,0,0,0.4,0.42
decitabine,228.21,-2.14,8,3,2,123.49,3,7.85,0,0,0,-0.06,0,0,0,0,-0.05,10.56,0,0,0,0,0,0,14.13,-90.03,19.95,77.49,0.5,0,-13.57,0,0,0,0,39.81,-22.61,39.81,77.54,0.5,0,-13.24,0,0,0,0,0,-6.7,0,0,0,0,0,0,-8.55,0,0,0,0,0,0,0.01,0
hesperidin,610.57,-1.16,15,8,7,234.29,11,-3.03,0,0,0,-0.11,0,0,0,0.05,0.1,-10.7,0,0,0,0,0,0,0,0,0,0,0,0,-0.75,0,0,0,0,0,0,0,0,0,0,0,0,0,0,0,0,-1.09,0,0,0,0,0,0,-16.35,0,0,0,0,0,0,0,0
ruxolitinib (incb018424),306.37,3.47,5,1,4,83.18,1,3.72,0,0,0,0.16,0,0,0,0,0.16,16.28,0,0,0,0,0,0,3.98,-47.69,39.81,75.06,0.5,17.78,-15.62,0,0,0,0,0,-56.39,0,0,0,0,-1.79,0,0,0,0,0,-5.87,0,0,0,0,0,0,-16.91,0,0,0,0,0,0,0,0.95
estradiol benzoate,376.5,5.12,3,1,2,46.53,5,-1.33,0,0,0,-0.01,0,0,0,0,0,19.63,0,0,0,0,0,0,0,-59.12,0,0,0,0,-4.81,0,0,0,0,25.12,-25.81,25.12,63.9,0.5,0,-15.05,0,0,0,0,0,9.8,0,0,0,0,0,0,-23.98,0,0,0,0,0,0,0.95,0
dexamethasone,392.47,1.9,5,3,2,94.83,8,-5.59,0,0,0,0.39,0,0,0,0,0,30.67,0,0,0,0,0,0,0,0,0,0,0,0,0,0,0,0,0,0,6.95,0,0,0,0,0.83,0,0,0,0,0,-4.04,0,0,0,0,0,0,-4.99,0,0,0,0,0,0,0.77,0.74
genistein,270.24,2.58,5,3,1,90.9,0,-27.03,0,0,0,0.35,0,0,0,0,0,22.58,0,0,0,0,0,0,39.81,-37.35,39.81,107.75,0.5,0,-6.65,0,0,0,0,0,1.98,0,0,0,0,1.29,0,0,0,0,0,-1.6,0,0,0,0,0,0,-46.85,0,0,0,0,0,0,0,0
azilsartan medoxomil,606.63,1.49,12,0,9,158.68,0,0,0,0,0,0,0,0,0,0.22,0.15,0,0,0,0,0,0,0,0,-3.67,0,0,0,0,1.2,0,0,0,0,0,0,0,0,0,0,0,0,0,0,0,0,-1.2,0,0,0,0,0,0,-23.28,0,0,0,0,0,0,0.99,0.6
clindamycin hydrochloride,461.45,0.81,7,4,7,102.26,9,0,0,0,0,0.17,0,0,0,0.57,0,28.3,0,0,0,0,0,0,10,-61.61,10,51.53,0.5,0,0,0,0,0,0,0,6.02,0,0,0,0,0,0,0,0,0,0,6.43,0,0,0,0,0,0,0.93,0,0,0,0,0,0,0.77,0.87
tramadol hydrochloride,299.84,3.06,3,1,4,32.7,2,-4.56,0,0,0,-0.19,0,0,0,0,0,2.55,0,0,0,0,0,0,0,0,0,0,0,0,0,0,0,0,0,0,0,0,0,0,0,0,0,0,0,0,0,0,0,0,0,0,0,0,0,0,0,0,0,0,0,0.2,0.76
tenofovir,348.3,-1.11,9,5,6,182.63,1,-14.56,0,0,0,0.02,0,0,0,0,0.12,18.78,0,0,0,0,0,0,0,0,0,0,0,0,0,0,0,0,0,0,0,0,0,0,0,0,0,0,0,0,0,-3.13,0,0,0,0,0,0,-11.3,0,0,0,0,0,0,0.07,0.25
febuxostat,316.38,3.72,5,1,5,83.21,0,-2.02,0,0,0,0.11,0,0,0,0,0.16,15.74,0,0,0,0,0,0,0,1.1,0,0,0,39.81,-9.4,39.81,31.25,0.5,1,0,0,0,0,0,0,-7.26,0,0,0,0,0,0.05,0,0,0,0,0,0,-15.94,0,0,0,0,0,0,0.99,0.85
oseltamivir (phosphate),410.4,0.36,6,5,7,168.41,3,-4.97,0,0,0,0.01,0,0,0,-0.02,0,0.52,0,0,0,0,0,0,0.71,-61.47,0.71,31.35,0.5,0,1.38,0,0,0,0,0,-52.71,0,0,0,0,1.73,0,0,0,0,0,-0.62,0,0,0,0,0,0,-22.91,0,0,0,0,0,0,0.42,0.75
ezetimibe,409.43,4.89,3,2,6,60.77,3,35.64,0,0,0,0.03,0,0,0,0.87,0.05,10.14,0,0,0,0,0,0,12.59,-29.32,12.59,43.5,0.5,0,2.46,0,0,0,0,0,-6.27,0,0,0,0,-18.93,0,0,0,0,0,6.54,0,0,0,0,0,0,-20.7,0,0,0,0,0,0,0.91,0.5
rivaroxaban,435.89,2.52,6,1,5,88.18,1,0.57,0,0,0,-0.17,0,0,0,0,0.01,6.06,0,0,0,0,0,0,39.81,-24.98,39.81,43.26,0.5,0,0,0,0,0,0,39.81,-23.81,39.81,81.67,0.5,0,-1.61,0,0,0,0,0,-2.92,0,0,0,0,0,0,-25.63,0,0,0,0,0,0,0.93,0.8
artesunate,384.43,2.6,7,1,4,100.52,8,2.39,0,0,0,-0.02,0,0,0,0.48,0.21,4.08,0,0,0,0,0,0,2.24,-161.99,12.59,42.06,0.5,3.55,-48.41,0,0,0,0,2.82,-200.76,2.82,60.62,1,0,-1.53,0,0,0,0,0,15.56,0,0,0,0,0,0,-26.5,0,0,0,0,0,0,0.93,0
(s)-(+)-ibuprofen,206.29,3.07,1,1,4,37.3,1,7.67,0,0,0,-0.04,0,0,0,0.51,0.06,9.37,0,0,0,0,0,0,0,0,0,0,0,0,0,0,0,0,0,0,0,0,0,0,0,0,0,0,0,0,0,0,0,0,0,0,0,0,0,0,0,0,0,0,0,0.99,0
levofloxacin,361.37,1.54,6,1,2,75.01,1,13.51,0,0,0,0.12,0,0,0,1.19,0,93.65,0,0,0,0,0,0,39.81,-12.07,39.81,41.38,0.5,0,0.76,0,0,0,0,0,0,0,0,0,0,2.4,0,0,0,0,0,-0.7,0,0,0,0,0,0,-28.4,0,0,0,0,0,0,0.36,0.98
nicorandil,211.18,0.02,5,1,5,94.36,0,-3.94,0,0,0,-0.08,0,0,0,0.07,0,16.75,0,0,0,0,0,0,7.08,-49.29,7.08,36.72,0.5,0,5.57,0,0,0,0,0,-1.07,0,0,0,0,-2.34,0,0,0,0,0,2.16,0,0,0,0,0,0,3.96,0,0,0,0,0,0,0.25,0.75
nitazoxanide,307.29,2.23,7,1,4,111.43,0,43.61,0,0,0,-0.07,0,0,0,0.61,0.46,11,0,0,0,0,0,0,6.31,-137.95,6.31,94.54,0.5,35.48,-21.48,28.18,124.47,1,1,5.62,-95.29,5.62,92.97,1,39.81,-12.3,39.81,41.79,0.5,1,5.01,58.53,5.01,76.79,1,6.31,73.73,12.59,-56.1,10,47.08,0.5,1,12.59,54.7,0.99,0.7
ramelteon,259.35,2.57,2,1,4,38.33,1,4.23,0,0,0,-0.02,0,0,0,0,0.13,4.67,0,0,0,0,0,0,39.81,-52.31,39.81,41.96,0.5,0,1.43,0,0,0,0,0,3.28,0,0,0,0,0,0,0,0,0,0,4.31,0,0,0,0,0,0,-23.65,0,0,0,0,0,0,0.82,0.02
tadalafil,389.41,2.21,4,1,1,74.87,2,0,0,0,0,-0.14,0,0,0,0.08,0.29,12.4,0,0,0,0,0,0,1.41,-64.25,1.41,38.54,0.5,0,-6.49,0,0,0,0,10,-147.19,10,34.34,0.5,0,-0.07,0,0,0,0,0,1.06,0,0,0,0,0,0,-40.16,0,0,0,0,0,0,0.94,0.16
prasugrel,373.45,3.89,5,0,5,46.61,1,2.73,0,0,0,-0.04,0,0,0,0.2,0.21,-2.86,0,0,0,0,0,0,0,-115.11,0,0,0,0,7.57,0,0,0,0,0,0,0,0,0,0,0,0,0,0,0,0,-10.07,0,0,0,0,0,0,1.8,0,0,0,0,0,0,0.98,0.79
chloroquine phosphate,515.87,2.95,5,7,8,183.68,1,5.84,0,0,0,1.08,0,0,0,1.35,0,24.58,0,48.71,9.85,0.9,12.92,12.11,17.78,-40.99,0,0,0,0,-24.69,0,0,0,0,17.78,-24.42,17.78,44.99,0.5,0,-0.79,0,0,0,0,3.98,139.71,0,0,0,0,0,0,-7.78,0,0,0,0,0,0,0.6,0.87
hydrocortisone hemisuccinate,462.54,2.2,7,3,6,138.2,7,-0.85,0,0,0,0.13,0,0,0,0,0,18.42,0,0,0,0,0,0,0,0,0,0,0,0,0,0,0,0,0,0,0,0,0,0,0,0,0,0,0,0,0,0,0,0,0,0,0,0,0,0,0,0,0,0,0,0,0
azithromycin,749,1.9,14,5,7,180.08,18,-1.27,0,0,0,-0.08,0,0,0,1.49,0.38,-2.54,0,0,9.85,0.65,39.8,39.84,12.59,-47.05,0,0,0,0,6.1,0,0,0,0,8.91,-29.84,8.91,34.61,0.5,0,0.83,0,0,0,0,11.22,53.92,0,0,0,0,0,0,-27.86,0,0,0,0,0,0,0.2,0.34
tazobactam,300.3,-1.52,7,1,3,122.46,3,1.29,0,0,0,0.1,0,0,0,0.02,0.05,8.33,0,0,0,0,0,0,0,0,0,0,0,0,0,0,0,0,0,0,0,0,0,0,0,0,0,0,0,0,0,0,0,0,0,0,0,0,0,0,0,0,0,0,0,0.3,0
atovaquone,366.84,5.51,3,1,2,54.37,2,0,0,0,0,0,0,0,0,-0.1,0,0,0,0,0,0,0,0,0.89,-188.62,0.89,99.08,1,1.12,-285.26,1.12,55.1,0.5,1,22.39,-39.66,22.39,89.13,1,0,0,0,0,0,0,0,7.57,0,0,0,0,0,2.82,-103.96,0,0,0,0,0,0,0.99,0.23
famotidine,337.46,-0.77,6,4,7,175.83,0,12.2,0,0,0,-0.04,0,0,0,0.07,0.16,11.54,0,0,0,0,0,0,0,1.87,0,0,0,0,11.24,0,0,0,0,0,0,0,0,0,0,0.9,0,0,0,0,0,5.44,0,0,0,0,0,0,-20.3,0,0,0,0,0,0,0.18,0.42
nifedipine,346.34,2.18,7,1,4,107.77,0,-1.74,0,0,0,0.17,0,0,0,0.21,0,-13.53,0,0,0,0,0,0,39.81,-13.15,39.81,74.1,0.5,0,-3.5,0,0,0,0,0,0,0,0,0,0,-4.15,0,0,0,0,0,0.31,0,0,0,0,0,0,-40.68,0,0,0,0,0,0,0.95,0.5
clarithromycin,747.96,2.44,14,4,8,182.91,18,-1.12,0,0,0,-0.09,0,0,0,0.86,0.12,-3.05,0,0,0,0,0,0,0,-6.62,0,0,0,0,-1.78,0,0,0,0,11.22,-200.45,11.22,39.49,0.5,0,-21.8,0,0,0,0,0,2.07,0,0,0,0,0,0,-24.67,0,0,0,0,0,0,0.7,0.55
spironolactone,416.58,4.85,5,0,1,60.44,7,-1.8,0,0,0,-0.13,0,0,0,0.48,0,12.48,0,0,0,0,0,0,39.81,-23.84,39.81,42.66,0.5,7.94,-79.11,0,0,0,0,0,-74.2,0,0,0,14.13,-33.75,14.13,30.53,0.5,1,0,-2.14,0,0,0,0,0,0,5.44,0,0,0,0,0,0,0.91,0.25
metronidazole,171.16,0.09,5,1,3,81.19,0,3.8,0,0,0,-0.2,0,0,0,-0.01,0.12,18.14,0,0,0,0,0,0,0,-104.43,0,0,0,0,-7.06,0,0,0,0,0,-93.32,0,0,0,0,0,0,0,0,0,0,-0.07,0,0,0,0,0,0,-23.59,0,0,0,0,0,0,0.2,0.99
amoxicillin,365.41,0.02,6,4,4,132.96,4,1.48,0,0,0,-0.02,0,0,0,0.14,0,11.63,0,0,0,0,0,0,0,-4.31,0,0,0,0,4.1,0,0,0,0,0,0,0,0,0,0,-33.65,0,0,0,0,0,-0.29,0,0,0,0,0,0,-34.33,0,0,0,0,0,0,0.17,0.93
progesterone,314.47,4.72,2,0,1,34.14,6,3.27,0,0,0,1.99,0,0,0,0.41,0,9.95,0,0,0,0,0,0,39.81,-14.04,0,0,0,35.48,-16.18,0,0,0,0,0,0,0,0,0,0,0,0,0,0,0,0,9.42,0,0,0,0,0,0,-11.09,0,0,0,0,0,0,"0.97
",0.25
hydrocortisone,362.47,1.78,5,3,2,94.83,7,52.93,0,0,0,0.1,0,0,0,0.12,0,14.45,0,0,0,0,0,0,0,-0.15,0,0,0,0,-1.23,0,0,0,0,0,0,0,0,0,0,0,0,0,0,0,0,-2.21,0,0,0,0,0,0,-14.13,0,0,0,0,0,0,0.9,0
methylprednisolone,374.48,1.8,5,3,2,94.83,8,5.5,0,0,0,0.46,0,0,0,0.21,0.16,30.95,0,0,0,0,0,0,0,0,0,0,0,0,7.96,0,0,0,0,0,7.2,0,0,0,0,-31.21,0,0,0,0,0,-2.1,0,0,0,0,0,0,-4.23,0,0,0,0,0,0,0.76,0.82
prednisolone,360.45,1.56,5,3,2,94.83,7,4.68,0,0,0,0,0,0,0,0.31,0.03,14.7,0,0,0,0,0,0,0,-80.77,0,0,0,0,0,0,0,0,0,0,0,0,0,0,0,0.89,0,0,0,0,0,-3.32,0,0,0,0,0,0,-21.86,0,0,0,0,0,0,0.78,0.82
naproxen,230.26,3.04,2,1,3,46.53,1,2.49,0,0,0,-0.26,0,0,0,0.07,0.19,24.65,0,0,0,0,0,0,0,-10.1,0,0,0,0,0,0,0,0,0,0,0,0,0,0,0,0,0,0,0,0,0,0.33,0,0,0,0,0,0,-21.23,0,0,0,0,0,0,0.99,0.99
clofazimine,473.41,7.49,4,1,4,42.21,0,0,0,0,0,0,0,0,0,0,0,0,0,49.35,0,0,0,0,39.81,-150.16,39.81,36.38,0.5,0,0.92,0,0,0,0,0,2.85,0,0,0,0,-0.88,0,0,0,0,3.55,30.33,0,0,0,0,0,12.59,-69.95,0,0,0,0,0,0,0,0.57
loratadine,382.89,4.89,3,0,1,42.43,0,91.35,15130,28330,2,-0.12,0,0,0,0.23,0.19,10.95,0,0,0,0,0,0,39.81,-32.01,0,0,0,31.62,-22.89,0,0,0,0,11.22,-44.5,11.22,98.67,0.5,0,-12.99,0,0,0,0,11.22,32.56,0,0,0,0,0,11.22,-54.88,0,0,0,0,0,0,0.98,0.4
vitamin k1,450.71,9.16,2,0,14,34.14,2,0,0,0,0,-0.12,0,0,0,0,0,32,0,0,0,0,0,0,0,-21.43,0,0,0,0,5.72,0,0,0,0,7.08,-28.57,7.08,34.25,0.5,0,-63.55,0,0,0,0,0,3.05,0,0,0,0,0,0,-4.71,0,0,0,0,0,0,0,0.13
reserpine,608.69,4.17,10,1,8,117.78,6,64.21,0,0,0,0.79,0,0,0,0.55,0.08,16.08,0,0,9.98,5.51,11.73,33.01,0,-12.37,0,0,0,0,4.85,0,0,0,0,35.48,-11.71,35.48,48.88,0.5,0,0.69,0,0,0,0,11.22,74.32,10,85.08,1,11.22,91.83,0,-38.29,0,0,0,0,19.95,13.37,0.62,0.5
acetylcysteine,163.2,-0.49,3,3,3,66.4,1,-5.13,0,0,0,0.16,0,0,0,0.08,0.13,14.12,0,0,0,0,0,0,0,10,0,0,0,0,-15.25,0,0,0,0,0,-9.36,0,0,0,0,2.73,0,0,0,0,0,-1.5,0,0,0,0,0,0,-20.88,0,0,0,0,0,0,0.83,0.05
mometasone furoate,521.44,4.87,6,1,4,93.81,8,10.61,0,0,0,0.29,0,0,0,-0.02,0,1.36,0,0,0,0,0,0,39.81,-8.98,0,0,0,0,-1.56,0,0,0,0,0,7.07,0,0,0,0,7.28,0,0,0,0,12.59,19.03,0,0,0,0,0,0,-30.64,0,0,0,0,0,0,0.98,0
dexamethasone acetate,434.5,2.47,6,2,3,100.9,8,-11.2,0,0,0,0.55,0,0,0,0.12,0,39.54,0,0,0,0,0,0,0,0,0,0,0,0,2.89,0,0,0,0,0,-21.55,0,0,0,0,-5.82,0,0,0,0,0,-0.03,0,0,0,0,0,0,-8.51,0,0,0,0,0,0,0,0
estradiol,272.39,3.61,2,2,0,40.46,5,2.32,0,0,0,0.94,0,0,0,0.38,0,8.25,0,0,0,0,0,0,39.81,-38.08,0,0,0,19.95,-17.31,0,0,0,0,31.62,-153.23,31.62,66.22,0.5,0,-48.56,0,0,0,0,0,2.16,0,0,0,0,0,0,-13.62,0,0,0,0,0,0,0.95,0.05
l-ascorbic acid,176.12,-1.41,6,4,2,107.22,2,-4.8,0,0,0,-0.18,0,0,0,0.25,0.07,3.28,0,0,0,0,0,0,1.78,-51.11,1.78,33.28,0.5,0,6.53,0,0,0,0,0,-0.32,0,0,0,0,0.83,0,0,0,0,0,-2.35,0,0,0,0,0,0,-19.16,0,0,0,0,0,0,0.25,0.99
folic acid,441.4,-0.04,9,6,9,213.28,1,2.02,0,0,0,0.07,0,0,0,0.02,0.16,20.75,0,0,0,0,0,0,0,-55.02,0,0,0,0,0.28,0,0,0,0,0,0,0,0,0,0,2.29,0,0,0,0,0,-4.55,0,0,0,0,0,0,-15.3,0,0,0,0,0,0,0.99,0.75
biotin,244.32,0.8,3,3,5,78.43,3,30.7,0,0,0,0.22,0,0,0,0.02,0,30.16,0,0,0,0,0,0,0,-81.88,0,0,0,0,15.05,0,0,0,0,6.31,-10.61,6.31,32.03,0.5,0,-5.52,0,0,0,0,0,10.42,0,0,0,0,0,0,-4.91,0,0,0,0,0,0,0,0.99
tolterodine (tartrate),475.58,3.22,6,5,10,138.53,3,0,0,0,0,0,0,0,0,1.17,0,0,0,0,0,0,0,0,39.81,-10.06,0,0,0,0,-139.38,0,0,0,0,0,0,0,0,0,0,0,0,0,0,0,0,0,0,0,0,0,0,0,0,0,0,0,0,0,0,0.96,0
palonosetron (hydrochloride),332.88,3.08,2,0,1,23.55,4,57.4,0,0,0,0.02,0,0,0,0.96,0.19,-0.99,0,0,0,0,0,0,0,-37.2,0,0,0,0,0.9,0,0,0,0,28.18,-83.08,28.18,42.76,0.5,0,-12.24,0,0,0,0,0,-1.98,0,0,0,0,0,0,-30.35,0,0,0,0,0,0,0.62,0
dapoxetine (hydrochloride),341.88,5.33,2,0,6,12.47,1,65.1,0,0,0,0.09,0,0,0,0,0,5.58,0,0,0,0,0,0,0,0,0,0,0,0,0,0,0,0,0,0,0,0,0,0,0,0,0,0,0,0,0,0,0,0,0,0,0,0,0,0,0,0,0,0,0,0,0
solifenacin (succinate),480.56,3.8,5,2,5,107.38,4,15.21,0,0,0,0.15,0,0,0,0,0,22.54,0,0,0,0,0,0,0,0,0,0,0,0,0,0,0,0,0,0,0,0,0,0,0,0,0,0,0,0,0,0,0,0,0,0,0,0,0,0,0,0,0,0,0,0.94,0
indinavir (sulfate),711.88,2.21,9,6,11,192.63,5,0,0,0,0,0,0,0,0,0.38,0,0,0,0,0,0,0,0,0,-99.35,0,0,0,0,0,0,0,0,0,0,6.04,0,0,0,0,0.66,0,0,0,0,0,16.62,0,0,0,0,0,0,-22.93,0,0,0,0,0,0,0.6,0
tiagabine (hydrochloride),412.02,5.47,4,1,6,40.54,1,31.5,0,0,0,0.01,0,0,0,0.25,0,-8.56,0,0,0,0,0,0,3.98,-23.56,3.98,37.55,0.5,0,-6.61,0,0,0,0,0,0,0,0,0,0,10.92,0,0,0,0,0,-2.6,0,0,0,0,0,0,-33.53,0,0,0,0,0,0,0.96,0
ethambutol (dihydrochloride),277.24,0.55,4,4,9,64.52,2,8.87,0,0,0,0.05,0,0,0,0,0,21.74,0,0,0,0,0,0,0,-86.4,0,0,0,0,4.14,0,0,0,0,0,5.76,0,0,0,0,1.06,0,0,0,0,0,-2.45,0,0,0,0,0,0,-16.78,0,0,0,0,0,0,0.25,0.77
telotristat etiprate,754.17,5.49,11,4,12,197.57,2,3.02,0,0,0,0.17,0,0,0,0,0,8.24,0,0,0,0,0,0,39.81,-68.05,0,0,0,0,-19.82,0,0,0,0,0,4.19,0,0,0,0,1.16,0,0,0,0,0,13.95,0,0,0,0,0,0,-10.75,0,0,0,0,0,0,0.99,0
pergolide (mesylate),410.61,3.78,4,2,4,73.4,3,1.63,0,0,0,-0.14,0,0,0,1.05,0,0.08,0,0,0,0,0,0,0,-36.79,0,0,0,0,0.2,0,0,0,0,39.81,-17.85,39.81,49.9,0.5,0,0,0,0,0,0,0,1.59,0,0,0,0,0,0,-18.38,0,0,0,0,0,0,0.9,0
pyrantel (tartrate),356.4,0.37,7,4,5,130.66,2,0,0,0,0,0,0,0,0,0.18,0,0,0,0,0,0,0,0,0,-9.91,0,0,0,0,-15.83,0,0,0,0,0,-92.45,0,0,0,0,-3.03,0,0,0,0,0,3.6,0,0,0,0,0,0,-17.98,0,0,0,0,0,0,0,0
delavirdine (mesylate),552.68,2.22,8,4,6,164.8,0,-1.61,0,0,0,0.21,0,0,0,0,0,83.7,3990,0,0,0,0,0,0,0,0,0,0,0,0,0,0,0,0,0,0,0,0,0,0,0,0,0,0,0,0,-8.02,0,0,0,0,0,0,-13.6,0,0,0,0,0,0,0.98,0
eletriptan (hydrobromide),463.44,4.4,3,1,6,53.17,1,0.96,0,0,0,0.08,0,0,0,0,0,3.94,0,0,0,0,0,0,0,0,0,0,0,0,0,0,0,0,0,0,0,0,0,0,0,0,0,0,0,0,0,0,0,0,0,0,0,0,0,0,0,0,0,0,0,0.85,0.5
cefuroxime (sodium),446.37,-4.87,10,2,7,176.59,2,-2.78,0,0,0,0.11,0,0,0,0.26,0,-3.44,0,0,0,0,0,0,0,0,0,0,0,0,0,0,0,0,0,0,0,0,0,0,0,0,0,0,0,0,0,0,0,0,0,0,0,0,0,0,0,0,0,0,0,0.5,0.52
darifenacin (hydrobromide),507.47,4.54,3,1,7,55.56,1,-5.74,0,0,0,0.01,0,0,0,0.63,0,14.06,0,0,0,0,0,0,0,-7.47,0,0,0,0,-4.06,0,0,0,0,0,0,0,0,0,0,0.96,0,0,0,0,0,-0.61,0,0,0,0,0,0,-31.74,0,0,0,0,0,0,0.98,0.17
alogliptin (benzoate),461.52,1.78,8,2,4,134.35,1,-0.02,0,0,0,0.07,0,0,0,0,0,16.4,0,0,0,0,0,0,0,2.23,0,0,0,0,-12.52,0,0,0,0,0,0,0,0,0,0,0,0,0,0,0,0,0,0,0,0,0,0,0,0,0,0,0,0,0,0,0.2,1
(s)-rasagiline,171.24,1.9,1,1,2,12.03,1,0,0,0,0,0,0,0,0,0,0,19.35,0,0,0,0,0,0,0,0,0,0,0,0,0,0,0,0,0,0,0,0,0,0,0,0,0,0,0,0,0,0,0,0,0,0,0,0,0,0,0,0,0,0,0,0.91,0.36
erlotinib (hydrochloride),429.9,3.83,7,1,10,74.73,0,25.79,0,0,0,-0.22,0,0,0,0,0,-0.18,0,0,0,0,0,0,15.85,-59.67,0,0,0,0,0,0,0,0,0,0,0,0,0,0,0,0,0,0,0,0,0,-11.23,0,0,0,0,0,8.91,-99.76,0,0,0,0,0,0,0.93,1
anagrelide (hydrochloride),292.55,2.35,3,1,0,44.7,0,3.09,0,0,0,-0.03,0,0,0,0,0,5.28,0,0,0,0,0,0,0,-35.48,0,0,0,0,0,0,0,0,0,0,0,0,0,0,0,2.58,0,0,0,0,0,1.52,0,0,0,0,0,0,-6.24,0,0,0,0,0,0,0,0.7
naloxegol (oxalate),741.83,1.02,14,4,24,201.37,5,14.12,0,0,0,-0.16,0,0,0,0,0,13.22,0,0,0,0,0,0,0,10.62,0,0,0,0,-0.75,0,0,0,0,0,0,0,0,0,0,0.2,0,0,0,0,0,-0.02,0,0,0,0,0,0,2.32,0,0,0,0,0,0,0.04,0
naratriptan (hydrochloride),371.93,2.49,3,2,5,65.2,0,-4.68,0,0,0,0.16,0,0,0,0,0,3.72,0,0,0,0,0,0,39.81,-43.81,39.81,44.68,0.5,0,0,0,0,0,0,0,0,0,0,0,0,1.01,0,0,0,0,0,-3.71,0,0,0,0,0,0,-14.9,0,0,0,0,0,0,0.29,0.74
butenafine (hydrochloride),353.94,6.19,1,0,4,3.24,0,-2.45,0,0,0,-0.08,0,0,0,0.43,0,5.77,0,0,0,0,0,0,0,0,0,0,0,0,0,0,0,0,0,0,0,0,0,0,0,0,0,0,0,0,0,0,0,0,0,0,0,0,0,0,0,0,0,0,0,0,0
cromolyn (sodium),512.33,-6.55,11,1,8,179.37,0,1.09,0,0,0,0.02,0,0,0,0.07,0,28.47,0,0,0,0,0,0,0,2.27,0,0,0,0,-2.68,0,0,0,0,0,0,0,0,0,0,1.74,0,0,0,0,0,-0.66,0,0,0,0,0,0,-28.76,0,0,0,0,0,0,0,0.01
ropinirole (hydrochloride),296.84,3.27,2,1,7,32.34,0,0.37,0,0,0,0.2,0,0,0,-0.02,0,-0.32,0,0,0,0,0,0,0,0,0,0,0,0,0,0,0,0,0,0,0,0,0,0,0,0,0,0,0,0,0,0,0,0,0,0,0,0,0,0,0,0,0,0,0,0.4,0.47
prucalopride (succinate),485.97,2.02,7,4,9,151.42,0,0,0,0,0,-0.02,0,0,0,0,0,29.32,0,0,0,0,0,0,0,0.94,0,0,0,0,0,0,0,0,0,0,0,0,0,0,0,0,0,0,0,0,0,14.79,0,0,0,0,0,0,-15.18,0,0,0,0,0,0,0.3,0
pitolisant (hydrochloride),332.32,4.59,2,0,8,12.47,0,-7.2,0,0,0,0.19,0,0,0,0,0,13.59,0,0,0,0,0,0,7.94,-93.82,31.62,76.38,0.5,0,-66.55,0,0,0,0,39.81,-17.39,39.81,59.65,0.5,39.81,-11.49,39.81,38.42,0.5,1,14.13,30.6,0,0,0,0,0,0,-2.65,0,0,0,0,0,0,0.93,0.9
sertaconazole (nitrate),500.79,6.67,6,1,6,90.42,1,88.93,0,0,0,-0.15,0,0,0,-0.43,0,7.06,0,0,0,0,0,0,0,0,0,0,0,0,0,0,0,0,0,0,0,0,0,0,0,0,0,0,0,0,0,0,0,0,0,0,0,0,0,0,0,0,0,0,0,0.99,0
esmolol (hydrochloride),331.84,1.95,5,2,9,67.79,1,-0.79,0,0,0,-0.02,0,0,0,0.05,0,1.83,0,0,0,0,0,0,6.31,-18.46,6.31,55.7,0.5,0,-10.99,0,0,0,0,0,0,0,0,0,0,-40.77,0,0,0,0,0,5.11,0,0,0,0,0,0,-14.14,0,0,0,0,0,0,0.55,0
sodium picosulfate,481.42,-4.05,9,0,7,145.75,0,0.17,0,0,0,-0.06,0,0,0,0,0,2.29,0,0,0,0,0,0,0,0,0,0,0,0,0,0,0,0,0,0,0,0,0,0,0,0,0,0,0,0,0,0,0,0,0,0,0,0,0,0,0,0,0,0,0,0,0
valacyclovir (hydrochloride),360.8,-0.38,9,3,7,151.14,1,-3.85,0,0,0,0.13,0,0,0,0.01,0,-4.85,0,0,0,0,0,0,39.81,-53.01,39.81,66.73,0.5,0,0.29,0,0,0,0,0,0,0,0,0,0,0,0,0,0,0,0,-0.45,0,0,0,0,0,0,-15.3,0,0,0,0,0,0,0.15,0.54
clemastine (fumarate),459.97,4.82,4,2,8,87.07,2,-10.71,0,0,0,0.18,0,0,0,-0.17,0,27.58,0,0,0,0,0,0,10,-67.46,10,86.18,1,15.85,-85.53,0,0,0,0,4.47,-111.9,4.47,84.5,1,22.39,-59.43,22.39,53.63,0.5,1,11.22,67.31,10,100.28,1,0,0,0,-19.11,0,0,0,0,0,0,0,0
phenylephrine (hydrochloride),203.67,1.07,3,3,3,52.49,1,-0.74,0,0,0,-0.08,0,0,0,0,0,28.74,0,0,0,0,0,0,12.59,-22.65,12.59,35.53,0.5,0,-28.79,0,0,0,0,0,0,0,0,0,0,-33.17,0,0,0,0,0,-1.81,0,0,0,0,0,0,-13.81,0,0,0,0,0,0,0,0.38
allopurinol riboside,268.23,-2.27,8,4,2,133.49,4,-5.55,0,0,0,0,0,0,0,0,0,16.09,0,0,0,0,0,0,0,0,0,0,0,0,0,0,0,0,0,0,0,0,0,0,0,0,0,0,0,0,0,0,0,0,0,0,0,0,0,0,0,0,0,0,0,0,0
bromocriptine (mesylate),750.71,2.7,8,4,5,172.58,6,0,0,0,0,0,0,0,0,-0.09,0,0,0,0,0,0,0,0,31.62,-10.93,31.62,38.9,0.5,0,-6.08,0,0,0,0,28.18,-56.98,28.18,116.06,0.5,0,-0.11,0,0,0,0,0,0,0,0,0,0,0,0,0,0,0,0,0,0,0,0.93,0.06
terbinafine hydrochloride,327.9,5.3,1,0,4,3.24,0,-5.95,0,0,0,0.04,0,0,0,0,0,6.38,0,0,0,0,0,0,0,0,0,0,0,0,0,0,0,0,0,0,0,0,0,0,0,0,0,0,0,0,0,0,0,0,0,0,0,0,0,0,0,0,0,0,0,0.99,0.4
cefuroxime axetil,510.48,-0.17,12,2,9,189.06,3,1.31,0,0,0,-0.13,0,0,0,0.15,0,17.81,0,0,0,0,0,0,35.48,-20.09,35.48,65.11,0.5,0,13.5,0,0,0,0,0,8.38,0,0,0,0,0,0,0,0,0,0,1.38,0,0,0,0,0,0,-9.96,0,0,0,0,0,0,0.5,0.52
gliclazide,323.42,1.63,4,2,3,78.51,2,0,0,0,0,0,0,0,0,0.09,0.08,0,0,0,0,0,0,0,0,9.98,0,0,0,0,-57.83,0,0,0,0,0,-24.36,0,0,0,0,-90.6,0,0,0,0,0,-1.75,0,0,0,0,0,0,18.02,0,0,0,0,0,0,0.94,0.97
triclabendazole,359.67,6.04,3,1,3,37.91,0,-0.51,0,0,0,1.38,0,0,0,0.19,0.18,20.44,0,0,0,0,0,0,0,0,0,0,0,0,0,0,0,0,0,0,0,0,0,0,0,0,0,0,0,0,0,3.65,0,0,0,0,0,0,-13.93,0,0,0,0,0,0,0,0
carbimazole,186.24,1.56,5,0,1,36.16,0,1.57,0,0,0,0.05,0,0,0,0.07,0.25,5.31,0,0,0,0,0,0,0,-5.47,0,0,0,0,10.58,0,0,0,0,0,-8.36,0,0,0,0,-2.46,0,0,0,0,0,8.45,0,0,0,0,0,0,-11.21,0,0,0,0,0,0,0,0
mecamylamine hydrochloride,203.76,2.84,1,1,1,12.03,3,0,0,0,0,0.56,0,0,0,0,0.1,16.11,0,0,0,0,0,0,0,0,0,0,0,0,0,0,0,0,0,0,0,0,0,0,0,0,0,0,0,0,0,0,0,0,0,0,0,0,0,0,0,0,0,0,0,0.4,0.99
buspirone hydrochloride,421.97,2.51,6,0,6,69.64,0,0,0,0,0,0,0,0,0,0,0.14,0,0,0,0,0,0,0,0,0,0,0,0,0,0,0,0,0,0,0,0,0,0,0,0,0,0,0,0,0,0,0,0,0,0,0,0,0,0,0,0,0,0,0,0,0,0.04
rimantadine hydrochloride,215.77,2.97,1,1,1,26.02,5,0,0,0,0,0.05,0,0,0,0,0.1,10.22,0,0,0,0,0,0,35.48,-35.53,35.48,80.18,0.5,0,10.8,0,0,0,0,0,-51.89,0,0,0,0,-69.13,0,0,0,0,0,0.71,0,0,0,0,0,0,-18.83,0,0,0,0,0,0,0.4,0
glipizide,445.55,2.08,6,3,7,130.15,0,-4.06,0,0,0,-0.04,0,0,0,0.04,0.1,5.8,0,0,0,0,0,0,0,-29.89,0,0,0,0,-4.44,0,0,0,0,0,0,0,0,0,0,1.41,0,0,0,0,0,2.81,0,0,0,0,0,0,-16.11,0,0,0,0,0,0,0.98,0.95
xylometazoline hydrochloride,280.84,3.57,2,1,2,24.39,0,0,0,0,0,-0.09,0,0,0,0,0,13.6,0,0,0,0,0,0,3.98,-68.17,3.98,64.44,0.5,0,0,0,0,0,0,0,-1.19,0,0,0,0,0.57,0,0,0,0,14.13,21.84,0,0,0,0,0,0,-32.39,0,0,0,0,0,0,0,0
meclizine hydrochloride,463.88,6.4,2,0,5,6.48,1,0,0,0,0,1.33,0,0,0,0,0,12.5,0,0,0,0,0,0,6.31,-11.01,0,0,0,0,6.03,0,0,0,0,0,0,0,0,0,0,0,0,0,0,0,0,-4.07,0,0,0,0,0,0,-10.75,0,0,0,0,0,0,0,0
cycloserine (d),102.09,-1.62,3,2,0,64.35,1,-2.21,0,0,0,0.17,0,0,0,1.43,0,23.75,0,0,0,0,0,0,0,-18.8,0,0,0,0,-4.58,0,0,0,0,0,0,0,0,0,0,2.62,0,0,0,0,0,-4.82,0,0,0,0,0,0,-18.34,0,0,0,0,0,0,0,0.8
carteolol hydrochloride,328.84,2.12,4,3,5,70.59,1,0,0,0,0,0,0,0,0,0,0.16,0,0,0,0,0,0,0,0,-10.74,0,0,0,0,-31.57,0,0,0,0,0,3.41,0,0,0,0,0,0,0,0,0,0,0.43,0,0,0,0,0,0,-23.93,0,0,0,0,0,0,0,0.88
dicyclomine hydrochloride,345.96,4.82,3,0,7,29.54,0,0,0,0,0,0,0,0,0,0,0.16,0,0,0,0,0,0,0,0,0,0,0,0,0,0,0,0,0,0,0,0,0,0,0,0,0,0,0,0,0,0,0,0,0,0,0,0,0,0,0,0,0,0,0,0,0,0
dimenhydrinate,469.97,2.97,7,1,6,85.15,0,-1.08,0,0,0,0,0,0,0,1.15,0,16.23,0,0,0,0,0,0,0,0,0,0,0,0,0,0,0,0,0,0,0,0,0,0,0,0,0,0,0,0,0,0,0,0,0,0,0,0,0,0,0,0,0,0,0,0.98,0
acyclovir,225.21,-1.33,7,3,4,119.05,0,8.75,0,0,0,0.04,0,0,0,0.14,0.11,6.73,0,0,0,0,0,0,0,0,0,0,0,0,-7.01,0,0,0,0,0,6.84,0,0,0,0,-23.22,0,0,0,0,0,3.82,0,0,0,0,0,0,6.76,0,0,0,0,0,0,0.21,0.23
tetrahydrozoline hydrochloride,236.75,2.53,2,1,1,24.39,1,0,0,0,0,-0.05,0,0,0,0,0.15,17.25,0,0,0,0,0,0,0,0,0,0,0,0,0,0,0,0,0,0,0,0,0,0,0,0,0,0,0,0,0,0,0,0,0,0,0,0,0,0,0,0,0,0,0,0,0
propantheline bromide,448.4,1.73,3,0,6,35.53,0,0,0,0,0,-0.02,0,0,0,0,0.14,10.7,0,0,0,0,0,0,0,-18.55,0,0,0,0,5.59,0,0,0,0,0,0,0,0,0,0,10.09,0,0,0,0,0,-2.87,0,0,0,0,0,0,-11.76,0,0,0,0,0,0,0,0
ethionamide,166.25,1.28,2,1,2,38.91,0,-1.84,0,0,0,-0.13,0,0,0,0.12,0.18,18.18,0,0,0,0,0,0,0,3.66,0,0,0,0,0,0,0,0,0,0,-12.94,0,0,0,0,-8.56,0,0,0,0,0,-4.72,0,0,0,0,0,0,-16.98,0,0,0,0,0,0,0.3,0.8
glyburide,494.01,3.64,5,3,8,113.6,0,-1.61,0,0,0,-0.07,0,0,0,0.23,0,13.62,0,0,0,0,0,0,0,-36.89,0,0,0,0,8.35,0,0,0,0,0,0,0,0,0,0,0,0,0,0,0,0,-2.17,0,0,0,0,0,0,-15.87,0,0,0,0,0,0,0.99,0.82
chlorzoxazone,169.57,1.77,2,1,0,46,0,-2.41,0,0,0,-0.11,0,0,0,0.06,0.18,25.61,0,0,0,0,0,0,0,1.89,0,0,0,0,0,0,0,0,0,0,1.67,0,0,0,0,7.51,0,0,0,0,0,3.31,0,0,0,0,0,0,-8.49,0,0,0,0,0,0,0,0
allopurinol,136.11,-0.35,3,2,0,74.43,0,-27.22,0,0,0,0.35,0,0,0,0.12,0.02,15.51,0,0,0,0,0,0,0,-391,0,0,0,14.13,-258.14,0,0,0,0,0,-416.48,0,0,0,0,-250.36,0,0,0,0,0,-1.43,0,0,0,0,0,0,-10.15,0,0,0,0,0,0,0,0.53
phenylephrine hydrochloride,203.67,1.07,3,3,3,52.49,1,0,0,0,0,-0.07,0,0,0,0,0.03,17.14,0,0,0,0,0,0,12.59,-22.65,12.59,35.53,0.5,0,-28.79,0,0,0,0,0,0,0,0,0,0,-33.17,0,0,0,0,0,-1.81,0,0,0,0,0,0,-13.81,0,0,0,0,0,0,0,0.35
ethambutol hydrochloride,277.24,0.55,4,4,9,64.52,2,0,0,0,0,-0.14,0,0,0,0,0,4.24,0,0,0,0,0,0,0,0,0,0,0,0,0,0,0,0,0,0,0,0,0,0,0,0,0,0,0,0,0,0,0,0,0,0,0,0,0,0,0,0,0,0,0,0.25,0.77
pyrimethamine,248.72,2.52,4,2,2,77.82,0,57.63,0,0,0,9.02,0,0,0,0.74,0.25,15.45,0,0,0,0,0,0,39.81,-45.5,39.81,45.11,0.5,39.81,-30.36,39.81,51.49,0.5,1,39.81,-22.9,39.81,78.55,0.5,39.81,-22.32,39.81,88.41,0.5,1,11.22,31.41,0,0,0,0,0,6.31,-86.58,0,0,0,0,0,0,0.87,0.9
praziquantel,312.41,2.53,2,0,1,40.62,1,0,0,0,0,0,0,0,0,0.22,0,0,0,0,0,0,0,0,0,-121.98,0,0,0,0,0,0,0,0,0,0,-95.4,0,0,0,0,-9.73,0,0,0,0,0,-0.87,0,0,0,0,0,0,-23.06,0,0,0,0,0,0,0.84,0.07
guaifenesin,198.22,0.43,4,2,5,58.92,1,0,0,0,0,0,0,0,0,0.07,0.2,0,0,0,0,0,0,0,0,-163.67,0,0,0,0,2.69,0,0,0,0,0,-73.81,0,0,0,0,2.55,0,0,0,0,0,-2.36,0,0,0,0,0,0,-40.28,0,0,0,0,0,0,0,0
sulfamethizole,270.34,1.23,6,2,3,97.97,0,13.56,0,0,0,0.11,0,0,0,0.01,0.12,14.03,0,0,0,0,0,0,0,-69.34,0,0,0,0,1.81,0,0,0,0,0,-101.67,0,0,0,0,-1.25,0,0,0,0,0,10.36,0,0,0,0,0,0,-5.12,0,0,0,0,0,0,0.98,0
allantoin,158.12,-2.18,3,4,1,113.32,1,0,0,0,0,0,0,0,0,0.04,0.16,0,0,0,0,0,0,0,0,-153.03,0,0,0,0,-1.82,0,0,0,0,0,0,0,0,0,0,0,0,0,0,0,0,9.77,0,0,0,0,0,0,-10.9,0,0,0,0,0,0,0,0
bethanechol chloride,196.68,-2.82,2,1,3,52.32,1,0,0,0,0,0,0,0,0,0,0.07,0,0,0,0,0,0,0,0,-4.51,0,0,0,0,-7.71,0,0,0,0,0,0,0,0,0,0,-10.02,0,0,0,0,0,-0.87,0,0,0,0,0,0,-21.82,0,0,0,0,0,0,0,0
papaverine hydrochloride,375.85,4.28,5,0,6,49.81,0,0,0,0,0,-0.24,0,0,0,0,0.04,17.4,0,0,0,0,0,0,6.31,-165.6,0,0,0,7.94,-57.35,0,0,0,0,0,0,0,0,0,0,0,0,0,0,0,0,-8.1,0,0,0,0,0,0,-30.77,0,0,0,0,0,0,0.9,0.28
oxymetazoline hydrochloride,296.84,3.27,3,2,2,44.62,0,0,0,0,0,0.07,0,0,0,0,0.22,24.54,0,0,0,0,0,0,0,-11.6,0,0,0,0,4.77,0,0,0,0,0,0,0,0,0,0,0.09,0,0,0,0,0,-2.83,0,0,0,0,0,0,-2.26,0,0,0,0,0,0,0.57,0.11
probucol,516.86,9.91,4,2,4,40.46,0,2.84,0,0,0,0.59,0,0,0,0.29,0,26.51,0,0,0,0,0,0,7.08,-89.89,7.08,36.95,0.5,0,4.88,0,0,0,0,0,-120.26,0,0,0,0,7.14,0,0,0,0,0,7.34,0,0,0,0,0,0,-18.45,0,0,0,0,0,0,0,0.05
chlorpropamide,276.75,1.74,3,2,4,75.27,0,4.33,0,0,0,0.09,0,0,0,0.09,0.21,13.38,0,0,0,0,0,0,0,-45.5,0,0,0,0,12.12,0,0,0,0,0,-73.06,0,0,0,0,0.22,0,0,0,0,0,0.49,0,0,0,0,0,0,-24.51,0,0,0,0,0,0,0.99,0.95
pyrazinamide,123.12,-0.42,3,1,1,68.87,0,44.3,0,0,0,0,0,0,0,0.02,0.18,14.28,0,0,0,0,0,0,0,-30.78,0,0,0,0,9.29,0,0,0,0,0,0,0,0,0,0,10.61,0,0,0,0,0,-3.08,0,0,0,0,0,0,-10.19,0,0,0,0,0,0,0.1,0.9
benoxinate hydrochloride,344.88,3.37,5,1,10,64.79,0,0,0,0,0,0,0,0,0,0,0.15,0,0,0,0,0,0,0,14.13,-64.71,0,0,0,0,0.88,0,0,0,0,39.81,-13.04,39.81,46.97,0.5,35.48,-10.96,35.48,35.33,0.5,1,0,4.14,0,0,0,0,0,0,-33.55,0,0,0,0,0,0,0,0
probenecid,285.37,2.2,3,1,7,74.68,0,1.35,0,0,0,0.08,0,0,0,0.21,0,15.12,0,0,0,0,0,0,0,-42.62,0,0,0,0,2.2,0,0,0,0,0,0,0,0,0,0,7.7,0,0,0,0,0,0.98,0,0,0,0,0,0,-35.35,0,0,0,0,0,0,0.85,0.99
tolbutamide,270.35,1.78,3,2,5,75.27,0,3.6,0,0,0,0.19,0,0,0,-0.01,0,21.67,0,0,0,0,0,0,0,-1.61,0,0,0,0,2.95,0,0,0,0,0,0,0,0,0,0,-3.5,0,0,0,0,0,-2.98,0,0,0,0,0,0,-14.99,0,0,0,0,0,0,0.95,0.85
naphazoline hydrochloride,246.74,2.81,2,1,2,24.39,0,0,0,0,0,0.52,0,0,0,0,0,12.64,0,0,0,0,0,0,0,-10.96,0,0,0,0,3.48,0,0,0,0,0,0,0,0,0,0,0,0,0,0,0,0,-3.68,0,0,0,0,0,0,-1.01,0,0,0,0,0,0,0,0
tolazamide,311.41,1.77,4,2,3,78.51,0,8.18,0,0,0,-0.15,0,0,0,0.01,0.16,32.71,0,0,0,0,0,0,0,-21.76,0,0,0,0,8.3,0,0,0,0,0,2.45,0,0,0,0,0,0,0,0,0,0,-2.03,0,0,0,0,0,0,-21.41,0,0,0,0,0,0,0,0
nalidixic acid,232.24,1.42,4,1,2,72.19,0,-0.44,0,0,0,0.12,0,0,0,0,0.03,12.92,0,0,0,0,0,0,0,-5.28,0,0,0,0,0,0,0,0,0,0,0,0,0,0,0,0,0,0,0,0,0,-9.38,0,0,0,0,0,0,-32.78,0,0,0,0,0,0,0.93,0.96
clofibrate,242.7,3.06,3,0,4,35.53,0,0,0,0,0,0,0,0,0,0.09,0.01,0,0,0,0,0,0,0,0,-42.74,0,0,0,0,1.45,0,0,0,0,0,-5.23,0,0,0,0,0,0,0,0,0,0,9.99,0,0,0,0,0,0,-14.02,0,0,0,0,0,0,0.96,0.95
neostigmine bromide,303.2,-1.05,2,0,2,29.54,0,0,0,0,0,-0.14,0,0,0,0,0.11,12.59,0,0,0,0,0,0,0,-24.49,0,0,0,0,0,0,0,0,0,0,0,0,0,0,0,1.78,0,0,0,0,0,10.71,0,0,0,0,0,0,-1.07,0,0,0,0,0,0,0,0.02
methocarbamol,241.24,0.53,5,2,6,91.01,1,1.12,0,0,0,-0.31,0,0,0,0.1,0,10.07,0,0,0,0,0,0,0,-97.81,0,0,0,0,-7.61,0,0,0,0,0,-6.76,0,0,0,0,-14.84,0,0,0,0,0,1.87,0,0,0,0,0,0,-23.49,0,0,0,0,0,0,0.48,0
acetazolamide,222.25,-0.86,6,2,2,115.04,0,-4.52,0,0,0,-0.12,0,0,0,0.05,0.1,9.82,0,0,0,0,0,0,0,-80.92,0,0,0,0,-7.43,0,0,0,0,0,0,0,0,0,0,0.35,0,0,0,0,0,1.81,0,0,0,0,0,0,-20.63,0,0,0,0,0,0,0.98,0.99
sulfadiazine,250.28,0.86,5,2,3,97.97,0,-3.32,0,0,0,-0.11,0,0,0,0,0,15.43,0,0,0,0,0,0,0,2.17,0,0,0,0,-3.89,0,0,0,0,0,0,0,0,0,0,-7.11,0,0,0,0,0,-13.93,0,0,0,0,0,0,-10.3,0,0,0,0,0,0,0,0.9
phentolamine hydrochloride,317.82,3.26,4,2,4,47.86,0,0,0,0,0,0.13,0,0,0,0,0.07,14.21,0,0,0,0,0,0,0,0,0,0,0,0,0,0,0,0,0,0,0,0,0,0,0,0,0,0,0,0,0,0,0,0,0,0,0,0,0,0,0,0,0,0,0,0,0
doxylamine succinate,388.46,2.86,5,2,9,99.96,1,3.91,0,0,0,-0.02,0,0,0,-0.01,0,2.83,0,0,0,0,0,0,4.47,-51.95,4.47,40.98,0.5,0,1.69,0,0,0,0,0,-5.68,0,0,0,0,5.99,0,0,0,0,0,-0.72,0,0,0,0,0,0,-32.36,0,0,0,0,0,0,0,0
mepenzolate bromide,420.35,-0.29,3,1,4,46.53,1,0,0,0,0,0,0,0,0,0,0.19,0,0,0,0,0,0,0,0,-9.33,0,0,0,0,-3.87,0,0,0,0,0,-29.44,0,0,0,0,9.45,0,0,0,0,0,1.11,0,0,0,0,0,0,1.94,0,0,0,0,0,0,0,0
gefitinib (zd1839),446.91,4.28,7,1,8,68.74,0,18.82,0,0,0,9.07,0,0,0,0.29,0.18,19.63,0,0,0,0,0,0,12.59,-62.78,12.59,99.31,1,39.81,-30.94,39.81,66.83,0.5,1,39.81,-24.26,39.81,83.2,0.5,39.81,-13.62,39.81,46.73,0.5,1,0,-10.89,0,0,0,0,0,11.22,-120.92,0,0,0,0,0,0,0.9,0.6
rucaparib (ag-014699 or pf-01367338) phosphate,421.37,2.05,3,6,3,134.68,0,4.71,0,0,0,1.02,0,0,0,0,0,93.3,0,0,0,0,0,0,31.62,-24.75,0,0,0,0,12.01,0,0,0,0,0,0,0,0,0,0,0,0,0,0,0,0,20.55,0,0,0,0,0,0,-12.29,0,0,0,0,0,0,0.7,0.36
etc-1002,344.49,4.47,3,3,14,94.83,0,-6.33,0,0,0,0.09,0,0,0,0,0.14,19.18,0,0,0,0,0,0,0,0,0,0,0,0,0,0,0,0,0,0,0,0,0,0,0,0,0,0,0,0,0,0,0,0,0,0,0,0,0,0,0,0,0,0,0,0.99,0
nifurtimox,287.3,0.64,7,0,3,106.02,1,0,0,0,0,0,0,0,0,0.84,0.19,0,0,0,0,0,0,0,0,0,0,0,0,0,0,0,0,0,0,0,0,0,0,0,0,0,0,0,0,0,0,0,0,0,0,0,0,0,0,0,0,0,0,0,0,0.42,0
rimegepant,534.57,4.49,7,2,3,119.13,3,2.52,0,0,0,0.23,0,0,0,0,0.27,37.92,0,0,0,0,0,0,0,0,0,0,0,0,0,0,0,0,0,0,0,0,0,0,0,0,0,0,0,0,0,6.91,0,0,0,0,0,0,-22.06,0,0,0,0,0,0,0.96,0.64
moxonidine,241.68,0.82,6,2,2,71.43,0,0,0,0,0,0.05,0,0,0,0.97,0.16,19.01,0,0,0,0,0,0,0,-1.97,0,0,0,0,-4.57,0,0,0,0,0,1.9,0,0,0,0,2.38,0,0,0,0,0,0.06,0,0,0,0,0,0,-28.34,0,0,0,0,0,0,0.1,0.88
lubiprostone,390.47,4.15,4,2,14,91.67,3,15.74,0,0,0,0.06,0,0,0,0,0,4.14,0,0,0,0,0,0,0.32,-137.34,0.32,33.38,0.5,0,-0.5,0,0,0,0,0,-18.31,0,0,0,0,1.11,0,0,0,0,0,-6.63,0,0,0,0,0,0,-41.35,0,0,0,0,0,0,0.94,0
capmatinib,412.43,3.43,6,1,4,85.07,0,1.59,0,0,0,1.09,0,0,0,0,0,8.18,0,0,0,0,0,0,39.81,-9.18,0,0,0,0,0,0,0,0,0,0,0,0,0,0,0,0,0,0,0,0,0,5.29,0,0,0,0,0,0,-27.65,0,0,0,0,0,0,0.96,0.7
cinnarizine,368.52,5.11,2,0,6,6.48,0,5.27,0,0,0,-0.1,0,0,0,0.69,0.37,31.02,0,0,0,0,0,0,1.78,-46.73,0.79,37.78,0.5,0,3.33,0,0,0,0,3.16,-223.29,0,0,0,0,4.82,0,0,0,0,0,1.61,0,0,0,0,0,0,-38.41,0,0,0,0,0,0,0,0
tedizolid,370.34,1.4,8,1,4,106.26,1,11.24,0,0,0,0.01,0,0,0,0,0.2,14.33,0,0,0,0,0,0,0,0,0,0,0,0,0,0,0,0,0,0,0,0,0,0,0,0,0,0,0,0,0,0,0,0,0,0,0,0,0,0,0,0,0,0,0,0.8,0.91
treprostinil,390.52,3.58,4,3,10,86.99,5,0,0,0,0,0.12,0,0,0,0,0,12.6,0,0,0,0,0,0,0,0,0,0,0,0,0,0,0,0,0,0,0,0,0,0,0,0,0,0,0,0,0,0,0,0,0,0,0,0,0,0,0,0,0,0,0,0.91,1
amisulpride,369.49,1.29,6,2,7,101.73,1,9.47,0,0,0,0.03,0,0,0,0.09,0.26,22.02,0,0,0,0,0,0,0,-11.83,0,0,0,0,-41.86,0,0,0,0,0,3.04,0,0,0,0,0,0,0,0,0,0,2.92,0,0,0,0,0,0,-1.44,0,0,0,0,0,0,0.27,0.48
agomelatine,243.31,2.53,2,1,4,38.33,0,42.24,0,0,0,-0.03,0,0,0,0,0.15,14.2,0,0,0,0,0,0,0,-3.14,0,0,0,0,-2.56,0,0,0,0,0,0,0,0,0,0,-3.98,0,0,0,0,0,0.1,0,0,0,0,0,0,-6.49,0,0,0,0,0,0,0.95,0.5
nitisinone,329.23,2.73,5,0,3,94.35,0,0,0,0,0,-0.1,0,0,0,0,0.3,24.42,0,0,0,0,0,0,39.81,-131.79,39.81,59.67,0.5,0,0,0,0,0,0,0,0,0,0,0,0,0,0,0,0,0,0,-0.23,0,0,0,0,0,0,-18.6,0,0,0,0,0,0,0,0.9
etoricoxib,358.85,4.18,4,0,3,59.92,0,12.43,0,0,0,0.32,0,0,0,0.16,0.07,22.4,0,0,0,0,0,0,0.71,-52.55,0.71,40.57,0.5,0,1.94,0,0,0,0,0,0,0,0,0,0,2.12,0,0,0,0,0,-1.05,0,0,0,0,0,0,-20.25,0,0,0,0,0,0,0.92,0.99
moclobemide,268.74,1.4,3,1,4,41.57,0,-1.36,0,0,0,0.01,0,0,0,0.32,0.17,13.94,0,0,0,0,0,0,0,-75.97,0,0,0,0,10.39,0,0,0,0,0,0,0,0,0,0,0.93,0,0,0,0,0,-1.36,0,0,0,0,0,0,-17.76,0,0,0,0,0,0,0.5,0.75
safinamide,302.35,2.37,3,2,7,64.35,1,0,0,0,0,0.16,0,0,0,0.36,0.05,12.51,0,0,0,0,0,0,0,0,0,0,0,0,-44.12,0,0,0,0,0,0,0,0,0,0,-7.41,0,0,0,0,0,-5.14,0,0,0,0,0,0,-6.93,0,0,0,0,0,0,0.89,0.95
tasimelteon,245.32,2.25,2,1,4,38.33,2,28.66,0,0,0,-0.2,0,0,0,0,0.15,7.34,0,0,0,0,0,0,0,-20.26,0,0,0,0,-26.64,0,0,0,0,0,-74.43,0,0,0,0,-8.45,0,0,0,0,0,-3.83,0,0,0,0,0,0,-8.48,0,0,0,0,0,0,0.9,0
voxelotor,337.38,3.62,6,1,6,77.24,0,4.85,0,0,0,-0.09,0,0,0,0,0.16,16.72,0,0,0,0,0,0,0,0,0,0,0,0,0,0,0,0,0,0,0,0,0,0,0,0,0,0,0,0,0,0,0,0,0,0,0,0,0,0,0,0,0,0,0,0.99,0
istradefylline,384.44,2.12,8,0,6,80.28,0,-0.25,0,0,0,0.09,0,0,0,0,0.14,5.65,0,0,0,0,0,0,0.71,-73.34,0.71,49.83,0.5,0,-3,0,0,0,0,0,1.79,0,0,0,0,-1.83,0,0,0,0,0,5.21,0,0,0,0,0,0,-18.97,0,0,0,0,0,0,0.98,0
amifampridine,109.13,0.25,3,2,0,64.93,0,5.4,0,0,0,-0.16,0,0,0,0,0.16,35.62,0,0,0,0,0,0,0,0,0,0,0,0,0,0,0,0,0,0,0,0,0,0,0,0,0,0,0,0,0,0,0,0,0,0,0,0,0,0,0,0,0,0,0,0,0.97
revefenacin,597.76,4.84,6,2,10,108.21,0,0,0,0,0,0,0,0,0,0,0,7.44,0,0,0,0,0,0,0,0,0,0,0,0,0,0,0,0,0,0,0,0,0,0,0,0,0,0,0,0,0,0,0,0,0,0,0,0,0,0,0,0,0,0,0,0.71,0
tezacaftor,520.5,3.4,7,4,8,113.18,1,-1.16,0,0,0,-0.07,0,0,0,0,0.19,3.48,0,0,0,0,0,0,0,0,0,0,0,0,0,0,0,0,0,0,0,0,0,0,0,0,0,0,0,0,0,6.21,0,0,0,0,0,0,-8.56,0,0,0,0,0,0,0.99,0
lemborexant,410.42,3.74,5,1,6,77,2,15.02,0,0,0,-0.18,0,0,0,0,0,24.6,0,0,0,0,0,0,0,0,0,0,0,0,-14.17,0,0,0,0,0,0,0,0,0,0,0,0,0,0,0,0,-10.78,0,0,0,0,0,0,-9.19,0,0,0,0,0,0,0.94,0
riluzole,234.2,2.78,4,1,1,48.14,0,4.91,0,0,0,-0.15,0,0,0,0,0.14,7.16,0,0,0,0,0,0,0,13.72,0,0,0,8.91,-51.37,0,0,0,0,0,-19.05,0,0,0,0,-130.17,0,0,0,0,0,-3.6,0,0,0,0,0,0,0.96,0,0,0,0,0,0,0.96,0.64
tamsulosin,408.52,2.34,6,2,11,99.88,1,0,0,0,0,-0.07,0,0,0,0,0.12,22.04,0,0,0,0,0,0,0,0,0,0,0,0,0,0,0,0,0,0,0,0,0,0,0,0,0,0,0,0,0,0,0,0,0,0,0,0,0,0,0,0,0,0,0,0.96,0.99
relugolix,623.64,3.75,11,2,9,132.61,0,0,0,0,0,-0.04,0,0,0,0,0,3.22,0,0,0,0,0,0,0,-5.77,0,0,0,0,-37.81,0,0,0,0,0,0,0,0,0,0,0,0,0,0,0,0,12.99,0,0,0,0,0,0,-3.77,0,0,0,0,0,0,0.69,0.12
paritaprevir,765.89,3.64,10,3,7,189.65,5,0.28,0,0,0,-0.17,0,0,0,0,0.15,14.05,0,0,0,0,0,0,0,0,0,0,0,0,0,0,0,0,0,0,0,0,0,0,0,0,0,0,0,0,0,-5.95,0,0,0,0,0,0,-18.51,0,0,0,0,0,0,0.98,0
venetoclax,868.46,8.66,11,3,13,172.03,0,0,0,0,0,-0.29,0,0,0,0,0.11,21.72,0,0,0,0,0,0,0,-15.92,0,0,0,0,6.78,0,0,0,0,0,0,0,0,0,0,0,0,0,0,0,0,12.37,0,0,0,0,0,2.24,-111.56,0,0,0,0,0,0,0.01,0
osilodrostat,227.24,2.43,3,0,1,41.61,1,0,0,0,0,-0.11,0,0,0,0,0,-5.55,0,0,0,0,0,0,0,0,0,0,0,0,0,0,0,0,0,0,0,0,0,0,0,0,0,0,0,0,0,0,0,0,0,0,0,0,0,0,0,0,0,0,0,0.4,0
uridine triacetate,370.31,-1.14,10,1,5,142.99,4,-22.84,0,0,0,-0.02,0,0,0,0,0.06,6.9,0,0,0,0,0,0,0,-151.4,0,0,0,0,-6.17,0,0,0,0,0,-23.31,0,0,0,0,-0.19,0,0,0,0,0,2.01,0,0,0,0,0,0,-40.73,0,0,0,0,0,0,0,0
epinastine,249.32,2.47,3,1,0,41.62,1,-3.27,0,0,0,-0.08,0,0,0,0,-0.04,-4.85,0,0,0,0,0,0,0,0,0,0,0,0,0,0,0,0,0,0,0,0,0,0,0,0,0,0,0,0,0,0,0,0,0,0,0,0,0,0,0,0,0,0,0,0.64,0.4
varenicline,211.27,1.8,3,1,0,37.81,2,0,0,0,0,-0.17,0,0,0,0,0,22.78,0,0,0,0,0,0,0,0,0,0,0,0,0,0,0,0,0,0,0,0,0,0,0,0,0,0,0,0,0,0,0,0,0,0,0,0,0,0,0,0,0,0,0,0.2,0.87
ranolazine,427.55,2.31,6,2,9,74.27,1,0,0,0,0,0,0,0,0,1.1,0.11,0,0,0,0,0,0,0,39.81,-8.4,39.81,43.52,0.5,0,2.65,0,0,0,0,0,0,0,0,0,0,0,0,0,0,0,0,-1.24,0,0,0,0,0,0,-28.54,0,0,0,0,0,0,0.62,0.43
domperidone,425.92,3.35,5,2,5,78.82,0,4.8,0,0,0,-0.11,0,0,0,0.39,0.16,7.05,0,0,0,0,0,0,11.22,-39.77,11.22,59.5,0.5,0,-6.12,0,0,0,0,39.81,-14.02,39.81,48.1,0.5,39.81,-9.59,39.81,31.89,0.5,1,0,16.13,0,0,0,0,0,0,-32.77,0,0,0,0,0,0,0.92,0.15
pilocarpine nitrate,271.27,0.81,6,1,3,107.49,2,0,0,0,0,0,0,0,0,0,0.11,0,0,0,0,0,0,0,0,0,0,0,0,0,0,0,0,0,0,0,0,0,0,0,0,0,0,0,0,0,0,0,0,0,0,0,0,0,0,0,0,0,0,0,0,0,0
trimethobenzamide hydrochloride,424.93,3,6,1,10,69.26,0,0,0,0,0,0,0,0,0,0,0.2,0,0,0,0,0,0,0,0,-3.98,0,0,0,0,3.39,0,0,0,0,0,0,0,0,0,0,2.17,0,0,0,0,0,11.69,0,0,0,0,0,0,-31.33,0,0,0,0,0,0,0,0.8
benzoic acid,122.12,1.38,1,1,1,37.3,0,33.07,0,0,0,-0.19,0,0,0,0,0,7.99,0,0,0,0,0,0,0,0,0,0,0,0,0,0,0,0,0,0,0,0,0,0,0,0,0,0,0,0,0,0,0,0,0,0,0,0,0,0,0,0,0,0,0,0,0
urea,60.06,-0.98,1,2,0,69.11,0,19.36,0,0,0,-0.03,0,0,0,0,0.04,18.24,0,0,0,0,0,0,0,0,0,0,0,0,0,0,0,0,0,0,0,0,0,0,0,0,0,0,0,0,0,0,0,0,0,0,0,0,0,0,0,0,0,0,0,0,0
miconazole nitrate,479.15,6.11,5,1,6,90.42,1,0,0,0,0,-0.27,0,0,0,-0.12,0,14.26,0,0,0,0,0,0,31.62,-16.23,0,0,0,0,-28.58,0,0,0,0,0,0,0,0,0,0,0,0,0,0,0,0,3.54,0,0,0,0,0,12.59,-75.56,0,0,0,0,0,0,0,0.25
tiopronin,163.2,-0.49,3,3,3,66.4,1,0,0,0,0,0.15,0,0,0,0,0.11,24.6,0,0,0,0,0,0,0,-71.84,0,0,0,0,-20.41,0,0,0,0,0,0.99,0,0,0,0,0,0,0,0,0,0,1.2,0,0,0,0,0,0,-14.09,0,0,0,0,0,0,0.99,0.63
mianserin hydrochloride,300.83,3.51,2,0,0,6.48,1,0,0,0,0,0,0,0,0,0,0.22,0,0,0,0,0,0,0,0,0,0,0,0,0,0,0,0,0,0,0,0,0,0,0,0,0,0,0,0,0,0,0,0,0,0,0,0,0,0,0,0,0,0,0,0,0.9,0.22
betahistine hydrochloride,209.12,1.69,2,1,3,24.92,0,0,0,0,0,0,0,0,0,0,0.18,0,0,0,0,0,0,0,0,0,0,0,0,0,0,0,0,0,0,0,0,0,0,0,0,0,0,0,0,0,0,0,0,0,0,0,0,0,0,0,0,0,0,0,0,0.5,0
bifonazole,310.4,5.19,2,0,4,17.82,1,70.75,0,0,0,-0.11,0,0,0,-0.04,0,-1.13,0,0,0,0,0,0,31.62,-23.28,31.62,80.48,0.5,39.81,-10.76,39.81,38.21,0.5,1,39.81,-31.39,39.81,107.68,0.5,0,-10.01,0,0,0,0,0,8.89,0,0,0,10,36.43,12.59,-76.81,0,0,0,0,14.13,24.49,0,0
enoxacin,320.32,0.66,6,2,3,87.46,0,-14.27,0,0,0,-0.12,0,0,0,1.18,0,7.67,0,0,0,0,0,0,0,-42.61,0,0,0,0,-11.77,0,0,0,0,0,-97.28,0,0,0,0,2.67,0,0,0,0,0,-0.36,0,0,0,0,0,0,-32.15,0,0,0,0,0,0,0,0.87
rilpivirine,366.43,4.99,6,2,5,97.42,0,82.1,0,0,0,1.73,0,0,0,0,0.12,-36.34,0,0,0,0,0,0,22.39,-49.41,22.39,115.46,1,28.18,-35.59,35.48,42.74,0.5,1,39.81,-70.04,39.81,106.14,0.5,15.85,-44.47,15.85,42.07,0.5,1,0,-1.51,0,0,0,0,0,8.91,-80.52,0,0,0,0,0,0,0.99,0
cabergoline,451.62,3.19,4,2,8,71.68,3,0,0,0,0,0.2,0,0,0,0,0,15.57,0,0,0,0,0,0,19.95,-98.13,19.95,97.93,0.5,0,2.2,0,0,0,0,35.48,-0.35,35.48,47.32,0.5,0,0.15,0,0,0,0,12.59,68.73,0,0,0,0,0,0,-33.75,0,0,0,0,0,0,0.41,0.65
acrivastine,348.45,4.02,3,1,6,53.43,0,28.58,0,0,0,0.05,0,0,0,0,0.19,11.52,0,0,0,0,0,0,39.81,-18.66,39.81,30.23,0.5,0,3.47,0,0,0,0,0,0,0,0,0,0,3.21,0,0,0,0,0,-0.69,0,0,0,0,0,0,-32.04,0,0,0,0,0,0,0.5,0.18
elvitegravir,447.89,4.28,5,2,7,88.76,1,7.47,0,0,0,0.46,0,0,0,0,0.14,10.31,0,0,0,0,0,0,0,-356.18,0,0,0,0,3.68,0,0,0,0,12.59,-222.65,12.59,80.63,1,0,0,0,0,0,0,0,-1.42,0,0,0,0,0,10,-80.6,0,0,0,0,0,0,0.98,0
dasabuvir,493.59,4.02,6,2,5,110.26,0,-10.02,0,0,0,0.55,0,0,0,0.18,0.3,17.1,0,0,0,0,0,0,5.01,-79.47,5.01,32.77,0.5,0,-3.99,0,0,0,0,39.81,-109.44,39.81,63.78,0.5,0,0.6,0,0,0,0,12.59,39.49,0,0,0,12.59,48.66,3.98,-41.6,0,0,0,0,14.13,42.53,0.99,0.7
silodosin,495.54,3.07,6,3,13,97.05,1,-9.07,0,0,0,-0.03,0,0,0,0.87,0.38,18,0,0,0,0,0,0,39.81,-10.4,39.81,47.68,0.5,0,-3.95,0,0,0,0,0,-2.21,0,0,0,0,-37.71,0,0,0,0,0,-2.97,0,0,0,0,0,0,-19.98,0,0,0,0,0,0,0.97,0.32
lumacaftor,452.41,4.75,5,2,5,97.75,0,37.26,0,0,0,0.02,0,0,0,0,0.05,2.63,0,0,0,0,0,0,3.16,-55.89,3.16,43.2,0.5,0,0.17,0,0,0,0,0,-51.75,0,0,0,0,0,0,0,0,0,0,6.26,0,0,0,0,0,0,-16.93,0,0,0,0,0,0,0.99,0
stiripentol,234.3,2.84,3,1,2,38.69,1,2.28,0,0,0,0.04,0,0,0,0.19,0,23.97,0,0,0,0,0,0,39.81,-16.72,39.81,57.34,0.5,0,-13.24,0,0,0,0,0,2.4,0,0,0,0,1.62,0,0,0,0,0,-1.95,0,0,0,0,0,0,-30.56,0,0,0,0,0,0,0.99,0
pretomanid,359.26,2.67,7,0,5,88.65,1,-0.06,0,0,0,0.08,0,0,0,0,0,-11.24,0,0,0,0,0,0,0,-5.31,0,0,0,0,-7.18,0,0,0,0,0,0,0,0,0,0,0,0,0,0,0,0,-3.71,0,0,0,0,0,0,-20.23,0,0,0,0,0,0,0.86,0
rufinamide,238.2,0.7,4,1,3,73.8,0,-10.47,0,0,0,-0.04,0,0,0,0.34,0.16,-8.34,0,0,0,0,0,0,0,-95.87,0,0,0,0,0.25,0,0,0,0,0,-18.71,0,0,0,0,-5,0,0,0,0,0,0.08,0,0,0,0,0,0,-14.46,0,0,0,0,0,0,0.28,0.85
(+)-camphor,152.24,2.4,1,0,0,17.07,2,4.08,0,0,0,-0.14,0,0,0,0,0,28.93,0,0,0,0,0,0,0,-14.17,0,0,0,0,4.79,0,0,0,0,0,-11.4,0,0,0,0,-18.47,0,0,0,0,0,-3.33,0,0,0,0,0,0,-11.52,0,0,0,0,0,0,0,0
parecoxib,370.43,3.53,5,1,5,89.27,0,5.85,0,0,0,-0.11,0,0,0,0,0.03,24.92,0,0,0,0,0,0,0,-16.33,0,0,0,0,1.43,0,0,0,0,0,-0.6,0,0,0,0,2.13,0,0,0,0,0,-0.74,0,0,0,0,0,0,-16.28,0,0,0,0,0,0,0.98,0
saxagliptin,315.42,1.16,4,2,2,90.35,8,-4.62,0,0,0,0,0,0,0,0,0,2.65,0,0,0,0,0,0,0,-12.63,0,0,0,0,-2.82,0,0,0,0,0,8.06,0,0,0,0,-0.72,0,0,0,0,0,8.09,0,0,0,0,0,0,5.66,0,0,0,0,0,0,0.1,0.67
bosutinib,530.46,5.19,8,1,9,82.88,0,18.71,0,0,0,-0.33,0,0,0,-0.31,0.1,-1.12,0,0,0,0,0,0,3.16,-96.64,0,0,0,14.13,-83.01,0,0,0,0,0,0,0,0,0,0,0,0,0,0,0,0,-8.98,0,0,0,0,0,7.94,-117.52,0,0,0,0,0,0,0.94,0
selexipag,496.63,3.9,7,1,12,101.49,0,-2.21,0,0,0,-0.08,0,0,0,0,0.06,10.87,0,0,0,0,0,0,39.81,-45.63,39.81,60.28,0.5,0,-1.87,0,0,0,0,0,-7.76,0,0,0,0,0,0,0,0,0,0,7.53,0,0,0,0,0,0,-18.41,0,0,0,0,0,0,0.99,0
cinacalcet,357.42,6.14,1,1,6,12.03,1,0,0,0,0,-0.38,0,0,0,0,-0.08,18.38,0,0,0,0,0,0,0,0,0,0,0,0,0,0,0,0,0,0,0,0,0,0,0,0,0,0,0,0,0,0,0,0,0,0,0,0,0,0,0,0,0,0,0,0.95,0.2
guaiacol,124.14,1.4,2,1,1,29.46,0,0,0,0,0,0,0,0,0,0.25,0,0,0,0,0,0,0,0,0,-15.07,0,0,0,0,-59.49,0,0,0,0,0,3.33,0,0,0,0,0,0,0,0,0,0,6.26,0,0,0,0,0,0,-13.16,0,0,0,0,0,0,0,0
ethylenediamine tetracetate tetra-ethanolamine,536.58,-6.32,14,12,15,340.68,0,-2.85,0,0,0,-0.05,0,0,0,0,0,2.52,0,0,0,0,0,0,0,0,0,0,0,0,0,0,0,0,0,0,0,0,0,0,0,0,0,0,0,0,0,0,0,0,0,0,0,0,0,0,0,0,0,0,0,0,0
alendronate sodium,326.13,-6.74,4,6,5,255.81,0,0,0,0,0,-0.19,0,0,0,0,0,4.25,0,0,0,0,0,0,0,-6.12,0,0,0,0,0.84,0,0,0,0,0,0,0,0,0,0,0,0,0,0,0,0,3.19,0,0,0,0,0,0,-1.65,0,0,0,0,0,0,0,0.01
rizatriptan benzoate,391.48,3.3,5,2,6,87.04,0,-3.9,0,0,0,0.07,0,0,0,0.8,0,-3.92,0,0,0,0,0,0,25.12,-12.97,0,0,0,0,0,0,0,0,0,0,0,0,0,0,0,1.3,0,0,0,0,0,-0.08,0,0,0,0,0,0,-22.61,0,0,0,0,0,0,0.14,0.45
metaxalone,221.26,1.79,3,1,3,47.56,1,-6.36,0,0,0,0.12,0,0,0,0,0.23,4.88,0,0,0,0,0,0,0,-10.22,0,0,0,0,-28.57,0,0,0,0,0,0.52,0,0,0,0,-24.92,0,0,0,0,0,-2.74,0,0,0,0,0,0,-7.59,0,0,0,0,0,0,0,0
donepezil hydrochloride,415.96,4.78,4,0,6,38.77,1,0,0,0,0,-0.2,0,0,0,0,0.17,18.24,0,0,0,0,0,0,39.81,-22.07,39.81,75.69,0.5,0,4.25,0,0,0,0,39.81,-11.48,39.81,38.39,0.5,0,-0.97,0,0,0,0,0,-1.91,0,0,0,0,0,0,-0.74,0,0,0,0,0,0,0.96,0.99
fampridine,94.12,0.66,2,1,0,38.91,0,-6.59,0,0,0,-0.05,0,0,0,0.12,0.11,27.93,0,0,0,0,0,0,0,-151.43,0,0,0,0,11.13,0,0,0,0,0,0,0,0,0,0,0,0,0,0,0,0,-3.15,0,0,0,0,0,0,-22.44,0,0,0,0,0,0,0.02,0.96
cysteamine hydrochloride,113.61,0.3,2,2,1,26.02,0,0,0,0,0,0,0,0,0,0,0.25,0,0,0,0,0,0,0,0,-66.29,0,0,0,0,0,0,0,0,0,0,0,0,0,0,0,7.09,0,0,0,0,0,6.79,0,0,0,0,0,0,1.7,0,0,0,0,0,0,0.52,0
zolmitriptan,287.36,1.92,3,2,5,57.36,1,7.85,0,0,0,0.24,0,0,0,0.49,0.15,25.69,0,0,0,0,0,0,39.81,-62.04,39.81,40.83,0.5,0,1.54,0,0,0,0,0,0,0,0,0,0,0,0,0,0,0,0,-0.05,0,0,0,0,0,0,-1.19,0,0,0,0,0,0,0.25,0.45
fusidic acid,516.72,5.67,5,3,5,104.06,10,6.87,0,0,0,0.04,0,0,0,0,0,8.77,0,0,0,0,0,0,0,0,0,0,0,0,0,0,0,0,0,0,0,0,0,0,0,0,0,0,0,0,0,0,0,0,0,0,0,0,0,0,0,0,0,0,0,0.98,0.91
mebeverine hydrochloride,466.02,5.02,6,0,13,57.23,1,0,0,0,0,0,0,0,0,0,0.15,0,0,0,0,0,0,0,11.22,-48.6,11.22,68.14,1,0,16.58,0,0,0,0,39.81,-21.36,39.81,73.27,0.5,0,-5.53,0,0,0,0,0,4.9,0,0,0,0,0,0,-27.33,0,0,0,0,0,0,0,0
sumatriptan,295.41,1.32,3,2,6,65.2,0,-0.78,0,0,0,-0.04,0,0,0,0,0.26,15.35,0,0,0,0,0,0,0,0,0,0,0,0,3.34,0,0,0,0,0,0,0,0,0,0,0,0,0,0,0,0,11.5,0,0,0,0,0,0,-22.99,0,0,0,0,0,0,0.17,0.14
fexofenadine hydrochloride,538.13,5.93,4,3,10,81,1,0,0,0,0,0,0,0,0,0,0.11,0,0,0,0,0,0,0,6.31,-10.72,6.31,32.4,0.5,0,8.44,0,0,0,0,0,0,0,0,0,0,9.02,0,0,0,0,0,6.43,0,0,0,0,0,0,-3.82,0,0,0,0,0,0,0.65,0.7
lofexidine  hydrochloride,295.6,3.18,3,1,3,33.62,1,0,0,0,0,-0.11,0,0,0,0.04,0.19,14.75,0,0,0,0,0,0,0,0,0,0,0,0,0,0,0,0,0,0,0,0,0,0,0,0,0,0,0,0,0,0,0,0,0,0,0,0,0,0,0,0,0,0,0,0.55,0.9
alfuzosin hydrochloride,425.92,1.77,8,2,8,111.83,1,0,0,0,0,0,0,0,0,0,0.11,0,0,0,0,0,0,0,39.81,-19.94,39.81,68.39,0.5,15.85,-53.09,0,0,0,0,39.81,-32.5,39.81,111.47,0.5,0,-63.21,0,0,0,0,0,5.57,0,0,0,0,0,0,-10.17,0,0,0,0,0,0,0.86,0.55
famciclovir,321.34,0.54,9,1,7,122.22,0,-6.05,0,0,0,-0.08,0,0,0,0.26,0.03,9.9,0,0,0,0,0,0,0,-4.23,0,0,0,0,-3.23,0,0,0,0,0,0,0,0,0,0,-33.07,0,0,0,0,0,4.57,0,0,0,0,0,0,-23.13,0,0,0,0,0,0,0.23,0.77
nefopam,253.35,3.24,2,0,1,12.47,1,-6.62,0,0,0,-0.05,0,0,0,0,0,29.17,0,0,0,0,0,0,0,0,0,0,0,0,0,0,0,0,0,0,0,0,0,0,0,0,0,0,0,0,0,0,0,0,0,0,0,0,0,0,0,0,0,0,0,0,0.36
almotriptan,335.47,2.2,3,1,6,56.41,0,0,0,0,0,0,0,0,0,0,0.04,0,0,0,0,0,0,0,0,2.28,0,0,0,0,2.47,0,0,0,0,0,-10.6,0,0,0,0,2.28,0,0,0,0,0,1.42,0,0,0,0,0,0,-16.29,0,0,0,0,0,0,0.35,0.7
valacyclovir hydrochloride,360.8,-0.38,9,3,7,151.14,1,0,0,0,0,-0.2,0,0,0,0,0.03,6.38,0,0,0,0,0,0,39.81,-53.01,39.81,66.73,0.5,0,0.29,0,0,0,0,0,0,0,0,0,0,0,0,0,0,0,0,-0.45,0,0,0,0,0,0,-15.3,0,0,0,0,0,0,0.15,0.54
gramicidin (gramicidin a shown),1882.33,4.37,17,21,53,548.99,14,21.89,0,0,0,0.19,0,0,0,0,0,17.26,0,0,0,0,0,0,0,0,0,0,0,0,0,0,0,0,0,0,0,0,0,0,0,0,0,0,0,0,0,0,0,0,0,0,0,0,0,0,0,0,0,0,0,0,0
eugenol,164.2,2.13,2,1,3,29.46,0,0,0,0,0,0.02,0,0,0,0,0.23,14.47,0,0,0,0,0,0,0,-31.55,0,0,0,0,3.32,0,0,0,0,0,-34.51,0,0,0,0,-4.63,0,0,0,0,0,-3.52,0,0,0,0,0,0,-15.4,0,0,0,0,0,0,0,0
antazoline,265.36,2.69,3,1,5,27.63,0,0,0,0,0,0,0,0,0,0,0.16,0,0,0,0,0,0,0,0,0,0,0,0,0,0,0,0,0,0,0,0,0,0,0,0,0,0,0,0,0,0,0,0,0,0,0,0,0,0,0,0,0,0,0,0,0,0
capsaicin,305.42,3.79,3,2,9,58.56,0,1.12,0,0,0,-0.12,0,0,0,0,0.15,26.63,0,0,0,0,0,0,0,-27.9,0,0,0,0,-18.38,0,0,0,0,0,0,0,0,0,0,0,0,0,0,0,0,-3.37,0,0,0,0,0,0,-12.09,0,0,0,0,0,0,0,0
hexylresorcinol,194.27,3.22,2,2,5,40.46,0,9.12,0,0,0,0.01,0,0,0,0,0.23,15.77,0,0,0,0,0,0,0,-266.74,0,0,0,0,-114.81,0,0,0,0,0.89,-157.34,0.89,93.76,1,39.81,-46.89,39.81,90.67,0.5,1,0,-1.32,0,0,0,0,0,0,-36.13,0,0,0,0,0,0,0,0
cyclizine,266.39,3.02,2,0,3,6.48,0,-0.71,0,0,0,0.01,0,0,0,0,0.14,22.3,0,0,0,0,0,0,0,0,0,0,0,0,0,0,0,0,0,0,0,0,0,0,0,0,0,0,0,0,0,0,0,0,0,0,0,0,0,0,0,0,0,0,0,0,0
procyclidine hydrochloride,323.91,4.36,2,1,5,23.47,1,0,0,0,0,0,0,0,0,0,0.22,0,0,0,0,0,0,0,39.81,-18.36,10,30.45,0.5,0,-0.08,0,0,0,0,3.55,-71.05,3.55,59.22,0.5,0,-7.83,0,0,0,0,0,22.3,0,0,0,0,0,0,-10.55,0,0,0,0,0,0,1,0
mesalamine,153.14,0.67,3,3,1,83.55,0,-4.82,0,0,0,-0.12,0,0,0,0.38,0.2,7.44,0,0,0,0,0,0,31.62,-164.2,31.62,32.15,0.5,0,0,0,0,0,0,0,-5.19,0,0,0,0,1.67,0,0,0,0,0,0.84,0,0,0,0,0,0,-18.3,0,0,0,0,0,0,0.43,0
guanethidine,198.31,0.74,2,3,3,65.14,0,0,0,0,0,0,0,0,0,0,0.12,0,0,0,0,0,0,0,0,0,0,0,0,0,0,0,0,0,0,0,0,0,0,0,0,0,0,0,0,0,0,0,0,0,0,0,0,0,0,0,0,0,0,0,0,0,0.2
gemfibrozil,250.34,3.57,2,1,6,46.53,0,3.12,0,0,0,-0.17,0,0,0,0.28,0.05,31.76,0,0,0,0,0,0,0,-18.64,0,0,0,0,10.21,0,0,0,0,0,14.92,0,0,0,0,-0.94,0,0,0,0,0,-2.82,0,0,0,0,0,0,-27.78,0,0,0,0,0,0,0.99,0.98
sulfacetamide,214.25,0.09,4,2,2,89.26,0,-3.73,0,0,0,-0.23,0,0,0,0,0.21,13.66,0,0,0,0,0,0,0,-21.97,0,0,0,0,-36.12,0,0,0,0,0,0,0,0,0,0,-79.78,0,0,0,0,0,-3.16,0,0,0,0,0,0,-15.76,0,0,0,0,0,0,0,0
benzonatate,603.75,2.83,12,1,32,121.4,0,0,0,0,0,0,0,0,0,0,0.09,0,0,0,0,0,0,0,44.67,-177.19,0,0,0,28.18,-1.06,0,0,0,0,39.81,-31.74,39.81,108.88,0.5,0,-5.04,0,0,0,0,0,-7.96,0,0,0,0,0,0,-10.88,0,0,0,0,0,0,0,0
dextromethorphan hydrobromide,352.32,3.96,2,0,1,12.47,3,0,0,0,0,0,0,0,0,0,0.09,0,0,0,0,0,0,0,0,0,0,0,0,0,0,0,0,0,0,0,0,0,0,0,0,0,0,0,0,0,0,0,0,0,0,0,0,0,0,0,0,0,0,0,0,0.65,0.11
clidinium bromide,432.36,-0.29,3,1,4,46.53,3,0,0,0,0,-0.17,0,0,0,0,0.12,18.17,0,0,0,0,0,0,0,8.38,0,0,0,0,16.1,0,0,0,0,0,0.72,0,0,0,0,0,0,0,0,0,0,4.52,0,0,0,0,0,0,-8.25,0,0,0,0,0,0,0,0
gluconolactone,178.14,-3.01,6,4,1,107.22,4,13.48,0,0,0,-0.12,0,0,0,0,0,-1.32,0,0,0,0,0,0,0,-29.22,0,0,0,0,3.37,0,0,0,0,0,1.36,0,0,0,0,0,0,0,0,0,0,4.16,0,0,0,0,0,0,-29.18,0,0,0,0,0,0,0,0
metaproterenol,211.26,1.13,4,4,4,72.72,1,-4.16,0,0,0,0.18,0,0,0,0,-0.13,11.26,0,0,0,0,0,0,0,0,0,0,0,0,0,0,0,0,0,0,0,0,0,0,0,0,0,0,0,0,0,0,0,0,0,0,0,0,0,0,0,0,0,0,0,0,0
methenamine,140.19,-1.02,4,0,0,12.96,4,-2.65,0,0,0,-0.12,0,0,0,0.29,0.23,6.19,0,0,0,0,0,0,0,-77.16,0,0,0,0,-6.88,0,0,0,0,0,0,0,0,0,0,-1.35,0,0,0,0,0,1.61,0,0,0,0,0,0,-8.19,0,0,0,0,0,0,0,0
orphenadrine citrate,461.51,2.41,6,4,11,144.6,1,0,0,0,0,0.03,0,0,0,0,0,7.93,0,0,0,0,0,0,0,0,0,0,0,0,0,0,0,0,0,0,0,0,0,0,0,0,0,0,0,0,0,0,0,0,0,0,0,0,0,0,0,0,0,0,0,0.95,0
uridine,244.2,-2.85,7,4,2,124.78,4,3.88,0,0,0,-0.22,0,0,0,0,0,31.53,0,0,0,0,0,0,0,-156.63,0,0,0,0,-2.35,0,0,0,0,0,0,0,0,0,0,0,0,0,0,0,0,11.74,0,0,0,0,0,0,-17.51,0,0,0,0,0,0,0,0
mannitol,182.17,-3.59,6,6,5,121.38,4,-29.88,0,0,0,0.08,0,0,0,0,0,13.85,0,0,0,0,0,0,0,0,0,0,0,0,-0.05,0,0,0,0,0,0,0,0,0,0,0,0,0,0,0,0,0,0,0,0,0,0,0,0,0,0,0,0,0,0,0,0.07
ondansetron,293.37,3.13,4,0,2,39.82,1,0,0,0,0,0.43,0,0,0,0,0.04,21.17,0,0,0,0,0,0,39.81,-36.62,39.81,63.84,0.5,0,10.05,0,0,0,0,0,10.21,0,0,0,0,5.86,0,0,0,0,0,-1.76,0,0,0,0,0,0,-19.87,0,0,0,0,0,0,0.73,0.62
inosine,268.23,-2.27,8,4,2,133.49,4,0,0,0,0,0,0,0,0,-0.09,0,0,0,0,0,0,0,0,0,1.99,0,0,0,0,-4.69,0,0,0,0,0,-173.85,0,0,0,0,-16.93,0,0,0,0,0,-4.49,0,0,0,0,0,0,-23.27,0,0,0,0,0,0,0,0
carglumic acid,190.16,-1.03,3,4,5,129.72,1,7.18,0,0,0,-0.08,0,0,0,0,0.14,-4.06,0,0,0,0,0,0,0,0,0,0,0,0,0,0,0,0,0,0,0,0,0,0,0,0,0,0,0,0,0,0,0,0,0,0,0,0,0,0,0,0,0,0,0,0,0.3
l-cycloserine,102.09,-1.62,3,2,0,64.35,1,0,0,0,0,0,0,0,0,1.42,0,0,0,0,0,0,0,0,0,0,0,0,0,0,0,0,0,0,0,0,0,0,0,0,0,0,0,0,0,0,0,-0.32,0,0,0,0,0,0,-23.15,0,0,0,0,0,0,0,0
galanthamine,287.36,1.85,4,1,1,41.93,3,1.53,0,0,0,-0.14,0,0,0,0,0.25,9.86,0,0,0,0,0,0,0,-0.45,0,0,0,0,-14.88,0,0,0,0,0,-70.43,0,0,0,0,7.46,0,0,0,0,0,3.27,0,0,0,0,0,0,-23.67,0,0,0,0,0,0,0.18,0.99
levetiracetam,170.21,-0.13,2,1,3,63.4,1,13.42,0,0,0,-0.02,0,0,0,0.01,0.05,4.12,0,0,0,0,0,0,0,-9.58,0,0,0,0,2.19,0,0,0,0,0,0,0,0,0,0,0,0,0,0,0,0,-1.15,0,0,0,0,0,0,-15.84,0,0,0,0,0,0,0.1,0.99
voriconazole,349.32,2.18,6,1,5,76.72,2,-2.98,0,0,0,-0.12,0,0,0,0,0.17,9.58,0,0,0,0,0,0,0,-20.65,0,0,0,0,-0.25,0,0,0,0,0,-256.52,0,0,0,0,-18.05,0,0,0,0,0,2.34,0,0,0,0,0,0,-26.86,0,0,0,0,0,0,0.58,0.96
isosorbide mononitrate,191.14,-1.28,6,1,2,91.06,4,-2.1,0,0,0,-0.08,0,0,0,0.48,0.1,17.33,0,0,0,0,0,0,0,-22.62,0,0,0,0,1.13,0,0,0,0,0,-41.32,0,0,0,0,-10.17,0,0,0,0,0,-3.59,0,0,0,0,0,0,-21.11,0,0,0,0,0,0,0.05,0.93
deflazacort,441.52,2.56,7,1,3,102.26,8,0,0,0,0,0,0,0,0,0.43,0.39,0,0,0,0,0,0,0,0,3,0,0,0,0,0,0,0,0,0,0,0,0,0,0,0,3.89,0,0,0,0,0,-1.81,0,0,0,0,0,0,-3.12,0,0,0,0,0,0,0.4,0.68
orlistat,495.75,6.88,5,1,23,81.7,4,-3.03,0,0,0,0.77,0,0,0,0,0.25,37.35,0,0,0,0,0,0,0,0,0,0,0,0,15.36,0,0,0,0,0,0,0,0,0,0,7.72,0,0,0,0,0,6.84,0,0,0,0,0,12.59,-75.75,0,0,0,0,0,0,0.99,0.01
moxidectin,639.83,5.73,9,2,3,116.04,10,0,0,0,0,0,0,0,0,0,0.31,0,0,0,0,0,0,0,10,-32.9,17.78,66.62,0.5,0,-56.35,0,0,0,0,0,-86.46,0,0,0,0,1.26,0,0,0,0,0,24.75,0,0,0,0,0,3.55,-57.39,0,0,0,0,0,0,0,0
hydroxyzine pamoate,763.29,7.45,8,5,12,151,1,-2.82,0,0,0,-0.13,0,0,0,0,0,29.11,0,0,0,0,0,0,0,0,0,0,0,0,0,0,0,0,0,0,0,0,0,0,0,0,0,0,0,0,0,0,0,0,0,0,0,0,0,0,0,0,0,0,0,0,0
diazoxide,230.68,1.87,3,1,0,58.53,0,0,0,0,0,0,0,0,0,0.03,0.14,11.11,0,0,0,0,0,0,0,-17.43,0,0,0,0,0.12,0,0,0,0,0,0,0,0,0,0,-8.07,0,0,0,0,0,-2.1,0,0,0,0,0,0,-8.96,0,0,0,0,0,0,0.9,0.9
cefaclor,367.81,0.62,5,3,4,112.73,3,34.21,0,0,0,0.11,0,0,0,0.61,0.4,74.81,0,0,0,0,0,0,0,-61.66,0,0,0,0,0,0,0,0,0,0,0,0,0,0,0,2.11,0,0,0,0,0,12.48,0,0,0,0,0,0,-9.33,0,0,0,0,0,0,0.24,0.9
methazolamide,236.28,-1.42,6,1,1,107.41,0,-0.52,0,0,0,0.21,0,0,0,0.35,0,-19.29,0,0,0,0,0,0,0,-8.08,0,0,0,0,-3.38,0,0,0,0,0,-39.94,0,0,0,0,-20.16,0,0,0,0,0,2.27,0,0,0,0,0,0,-19.55,0,0,0,0,0,0,0.55,0
natamycin,665.73,0.12,13,7,3,230.99,14,3.99,0,0,0,-0.01,0,0,0,0,0,8.1,0,0,0,0,0,0,0,-123.89,0,0,0,0,-6.08,0,0,0,0,0,-62.81,0,0,0,0,0.89,0,0,0,0,0,6.41,0,0,0,0,0,0,-28.42,0,0,0,0,0,0,0,0
aztreonam,435.44,-1.17,10,4,7,201.58,2,1.89,0,0,0,-0.06,0,0,0,0.13,0.14,7.2,0,0,0,0,0,0,0,-17.82,0,0,0,0,3.75,0,0,0,0,0,0,0,0,0,0,0.07,0,0,0,0,0,2.37,0,0,0,0,0,0,-21.8,0,0,0,0,0,0,0.56,0.01
nizatidine,331.47,1.32,8,2,10,83.33,0,-3.09,0,0,0,0.04,0,0,0,0,0,14.96,0,0,0,0,0,0,0,-59.27,0,0,0,0,0.59,0,0,0,0,0,-35.7,0,0,0,0,2.35,0,0,0,0,0,-3.41,0,0,0,0,0,0,-20.24,0,0,0,0,0,0,0.35,0.7
mebendazole,295.3,2.97,4,2,3,84.08,0,13.81,0,0,0,0.67,0,0,0,0.1,0.23,31.63,0,0,0,0,0,0,1.41,-289.19,6.31,35.28,0.5,11.22,-25.78,0,0,0,0,0,0,0,0,0,0,-11.87,0,0,0,0,0,-14.32,0,0,0,0,0,0.63,-102.45,0,0,0,0,0,0,0.93,0.22
nitrofurantoin,238.16,0.07,6,1,3,118.05,0,21.5,0,0,0,-0.2,0,0,0,0.02,0.16,14.81,0,0,0,0,0,0,39.81,-75.71,0,0,0,39.81,-12.16,0,0,0,0,39.81,-27.09,39.81,97.97,0.5,39.81,-12.23,39.81,41.95,0.5,1,0,-0.5,0,0,0,0,0,0,-18.38,0,0,0,0,0,0,0.9,0.87
repaglinide,452.6,5.22,4,2,10,78.87,1,0.78,0,0,0,0.08,0,0,0,0.43,0.07,7.8,0,0,0,0,0,0,0,-21.37,0,0,0,0,0.79,0,0,0,0,0,7.51,0,0,0,0,4.75,0,0,0,0,0,19.26,0,0,0,0,0,0,-43.6,0,0,0,0,0,0,0.98,0.56
flunisolide,434.5,2.27,6,2,2,93.06,9,-4.09,0,0,0,-0.07,0,0,0,0.08,0.19,12.51,0,0,0,0,0,0,0,-8.57,0,0,0,0,-2.75,0,0,0,0,0,0.87,0,0,0,0,-0.36,0,0,0,0,0,-8.06,0,0,0,0,0,0,-9.46,0,0,0,0,0,0,0.4,0.07
isosorbide dinitrate,236.14,-1.06,8,0,4,123.2,4,-9.77,0,0,0,0.11,0,0,0,0.08,0,33,0,0,0,0,0,0,0,-141.38,0,0,0,0,-9.51,0,0,0,0,0,1.32,0,0,0,0,4.19,0,0,0,0,0,-1.77,0,0,0,0,0,0,-25.48,0,0,0,0,0,0,0,0.22
cimetidine,252.35,0.6,4,3,5,88.89,0,-12.58,0,0,0,-0.07,0,0,0,0.01,0.05,17.13,0,0,0,0,0,0,0,-52.88,0,0,0,0,0,0,0,0,0,0,0,0,0,0,0,2.08,0,0,0,0,0,-1.2,0,0,0,0,0,0,-3.75,0,0,0,0,0,0,0.18,0.6
furazolidone,225.16,0.97,6,0,3,98.18,0,41.74,0,0,0,-0.01,0,0,0,0,0.1,19.33,0,0,0,0,0,0,0,-37.65,0,0,0,0,0,0,0,0,0,0,0,0,0,0,0,-3.27,0,0,0,0,0,-12.6,0,0,0,0,0,0,-33.75,0,0,0,0,0,0,0,0
belumosudil,452.52,4.82,6,3,7,104.82,0,-8.64,0,0,0,1.65,0,0,0,0,0,-34.99,0,0,0,0,0,0,0,-115.95,0,0,0,12.59,-69.41,0,0,0,0,0,0,0,0,0,0,0,0,0,0,0,0,-4.62,0,0,0,0,0,0,-24.8,0,0,0,0,0,0,0,0
tepotinib (emd 1214063),492.58,4.01,8,0,7,96.93,0,0,0,0,0,0,0,0,0,0,0,0,0,0,0,0,0,0,39.81,-9.88,0,0,0,0,-99.18,0,0,0,0,0,0,0,0,0,0,0,0,0,0,0,12.59,76.03,10,72.8,0.5,0,0,0,-15.09,12.59,89.28,0.5,1,0,0,0,0
telotristat,546.94,4.51,8,3,8,142.17,2,0,0,0,0,0,0,0,0,0,-0.05,0,0,0,0,0,0,0,0,0,0,0,0,0,0,0,0,0,0,0,0,0,0,0,0,0,0,0,0,0,0,0.69,0,0,0,0,0,0,1.6,0,0,0,0,0,0,0,0
fexinidazole,279.32,2.63,6,0,5,70.19,0,19.95,0,0,0,0.02,0,0,0,0,0.19,14.15,0,0,0,0,0,0,0,0,0,0,0,0,0,0,0,0,0,0,0,0,0,0,0,0,0,0,0,0,0,0,0,0,0,0,0,0,0,0,0,0,0,0,0,0,0
umbralisib,571.56,6.66,8,1,6,109.06,1,24.32,0,0,0,-0.05,0,0,0,0,0,19.1,0,0,0,0,0,0,0,2.26,0,0,0,0,-0.89,0,0,0,0,0,0,0,0,0,0,0,0,0,0,0,0,10.98,0,0,0,0,0,0,-8.66,0,0,0,0,0,0,0,0
zileuton,236.3,2.73,3,2,2,66.56,1,0,0,0,0,0.03,0,0,0,0,0.23,9.14,0,0,0,0,0,0,6.31,-18.63,6.31,38.17,0.5,0,15.54,0,0,0,0,0,0,0,0,0,0,0,0,0,0,0,0,-1.36,0,0,0,0,0,0,-26.24,0,0,0,0,0,0,0,0
dydrogesterone,312.45,4.5,2,0,1,34.14,6,0,0,0,0,0.63,0,0,0,0.54,0.01,17,0,0,0,0,0,0,0.71,-50.03,0.71,34.97,0.5,0,-3.85,0,0,0,0,39.81,-24.51,39.81,84.08,0.5,0,3.14,0,0,0,0,0,-1.38,0,0,0,0,0,0,-6.75,0,0,0,0,0,0,0,0.28